organism,dataset_type,uniprot_id,download_status,alphafold_version,download_url,structure_path,error
ESKAPE,linear,A0A0H3GGM3,downloaded,v6,https://alphafold.ebi.ac.uk/files/AF-A0A0H3GGM3-F1-model_v6.pdb,structures/ESKAPE/linear/A0A0H3GGM3.pdb,
ESKAPE,linear,A0A0H3GIG3,downloaded,v6,https://alphafold.ebi.ac.uk/files/AF-A0A0H3GIG3-F1-model_v6.pdb,structures/ESKAPE/linear/A0A0H3GIG3.pdb,
ESKAPE,linear,A0A0H3GK81,downloaded,v6,https://alphafold.ebi.ac.uk/files/AF-A0A0H3GK81-F1-model_v6.pdb,structures/ESKAPE/linear/A0A0H3GK81.pdb,
ESKAPE,linear,A0A0H3GKL7,downloaded,v6,https://alphafold.ebi.ac.uk/files/AF-A0A0H3GKL7-F1-model_v6.pdb,structures/ESKAPE/linear/A0A0H3GKL7.pdb,
ESKAPE,linear,A0A0H3GN17,downloaded,v6,https://alphafold.ebi.ac.uk/files/AF-A0A0H3GN17-F1-model_v6.pdb,structures/ESKAPE/linear/A0A0H3GN17.pdb,
ESKAPE,linear,A0A0H3GNG3,downloaded,v6,https://alphafold.ebi.ac.uk/files/AF-A0A0H3GNG3-F1-model_v6.pdb,structures/ESKAPE/linear/A0A0H3GNG3.pdb,
ESKAPE,linear,A0A0H3GP64,downloaded,v6,https://alphafold.ebi.ac.uk/files/AF-A0A0H3GP64-F1-model_v6.pdb,structures/ESKAPE/linear/A0A0H3GP64.pdb,
ESKAPE,linear,A0A0H3GQ86,downloaded,v6,https://alphafold.ebi.ac.uk/files/AF-A0A0H3GQ86-F1-model_v6.pdb,structures/ESKAPE/linear/A0A0H3GQ86.pdb,
ESKAPE,linear,A0A0H3GSS7,downloaded,v6,https://alphafold.ebi.ac.uk/files/AF-A0A0H3GSS7-F1-model_v6.pdb,structures/ESKAPE/linear/A0A0H3GSS7.pdb,
ESKAPE,linear,A0A0H3GWX4,downloaded,v6,https://alphafold.ebi.ac.uk/files/AF-A0A0H3GWX4-F1-model_v6.pdb,structures/ESKAPE/linear/A0A0H3GWX4.pdb,
ESKAPE,linear,A0A0H3GX94,downloaded,v6,https://alphafold.ebi.ac.uk/files/AF-A0A0H3GX94-F1-model_v6.pdb,structures/ESKAPE/linear/A0A0H3GX94.pdb,
ESKAPE,linear,A0ABX6CC62,not_found,,,,
ESKAPE,linear,A0ABX6CCP4,not_found,,,,
ESKAPE,linear,A0ABX6CM31,not_found,,,,
ESKAPE,linear,G3XD49,downloaded,v6,https://alphafold.ebi.ac.uk/files/AF-G3XD49-F1-model_v6.pdb,structures/ESKAPE/linear/G3XD49.pdb,
ESKAPE,linear,P04739,downloaded,v6,https://alphafold.ebi.ac.uk/files/AF-P04739-F1-model_v6.pdb,structures/ESKAPE/linear/P04739.pdb,
ESKAPE,linear,P0A074,downloaded,v6,https://alphafold.ebi.ac.uk/files/AF-P0A074-F1-model_v6.pdb,structures/ESKAPE/linear/P0A074.pdb,
ESKAPE,linear,P11439,downloaded,v6,https://alphafold.ebi.ac.uk/files/AF-P11439-F1-model_v6.pdb,structures/ESKAPE/linear/P11439.pdb,
ESKAPE,linear,P13794,downloaded,v6,https://alphafold.ebi.ac.uk/files/AF-P13794-F1-model_v6.pdb,structures/ESKAPE/linear/P13794.pdb,
ESKAPE,linear,P14738,downloaded,v6,https://alphafold.ebi.ac.uk/files/AF-P14738-F1-model_v6.pdb,structures/ESKAPE/linear/P14738.pdb,
ESKAPE,linear,P14756,downloaded,v6,https://alphafold.ebi.ac.uk/files/AF-P14756-F1-model_v6.pdb,structures/ESKAPE/linear/P14756.pdb,
ESKAPE,linear,P30718,downloaded,v6,https://alphafold.ebi.ac.uk/files/AF-P30718-F1-model_v6.pdb,structures/ESKAPE/linear/P30718.pdb,
ESKAPE,linear,Q06579,downloaded,v6,https://alphafold.ebi.ac.uk/files/AF-Q06579-F1-model_v6.pdb,structures/ESKAPE/linear/Q06579.pdb,
ESKAPE,linear,Q2FUX4,downloaded,v6,https://alphafold.ebi.ac.uk/files/AF-Q2FUX4-F1-model_v6.pdb,structures/ESKAPE/linear/Q2FUX4.pdb,
ESKAPE,linear,Q2FUY2,downloaded,v6,https://alphafold.ebi.ac.uk/files/AF-Q2FUY2-F1-model_v6.pdb,structures/ESKAPE/linear/Q2FUY2.pdb,
ESKAPE,linear,Q2FVI5,downloaded,v6,https://alphafold.ebi.ac.uk/files/AF-Q2FVI5-F1-model_v6.pdb,structures/ESKAPE/linear/Q2FVI5.pdb,
ESKAPE,linear,Q2FVK2,downloaded,v6,https://alphafold.ebi.ac.uk/files/AF-Q2FVK2-F1-model_v6.pdb,structures/ESKAPE/linear/Q2FVK2.pdb,
ESKAPE,linear,Q2FWC4,downloaded,v6,https://alphafold.ebi.ac.uk/files/AF-Q2FWC4-F1-model_v6.pdb,structures/ESKAPE/linear/Q2FWC4.pdb,
ESKAPE,linear,Q2FWM6,downloaded,v6,https://alphafold.ebi.ac.uk/files/AF-Q2FWM6-F1-model_v6.pdb,structures/ESKAPE/linear/Q2FWM6.pdb,
ESKAPE,linear,Q2FWN4,downloaded,v6,https://alphafold.ebi.ac.uk/files/AF-Q2FWN4-F1-model_v6.pdb,structures/ESKAPE/linear/Q2FWN4.pdb,
ESKAPE,linear,Q2FWP0,downloaded,v6,https://alphafold.ebi.ac.uk/files/AF-Q2FWP0-F1-model_v6.pdb,structures/ESKAPE/linear/Q2FWP0.pdb,
ESKAPE,linear,Q2FXA5,downloaded,v6,https://alphafold.ebi.ac.uk/files/AF-Q2FXA5-F1-model_v6.pdb,structures/ESKAPE/linear/Q2FXA5.pdb,
ESKAPE,linear,Q2FXB0,downloaded,v6,https://alphafold.ebi.ac.uk/files/AF-Q2FXB0-F1-model_v6.pdb,structures/ESKAPE/linear/Q2FXB0.pdb,
ESKAPE,linear,Q2FXJ6,downloaded,v6,https://alphafold.ebi.ac.uk/files/AF-Q2FXJ6-F1-model_v6.pdb,structures/ESKAPE/linear/Q2FXJ6.pdb,
ESKAPE,linear,Q2FXN2,downloaded,v6,https://alphafold.ebi.ac.uk/files/AF-Q2FXN2-F1-model_v6.pdb,structures/ESKAPE/linear/Q2FXN2.pdb,
ESKAPE,linear,Q2FXX5,downloaded,v6,https://alphafold.ebi.ac.uk/files/AF-Q2FXX5-F1-model_v6.pdb,structures/ESKAPE/linear/Q2FXX5.pdb,
ESKAPE,linear,Q2FY60,downloaded,v6,https://alphafold.ebi.ac.uk/files/AF-Q2FY60-F1-model_v6.pdb,structures/ESKAPE/linear/Q2FY60.pdb,
ESKAPE,linear,Q2FYP2,downloaded,v6,https://alphafold.ebi.ac.uk/files/AF-Q2FYP2-F1-model_v6.pdb,structures/ESKAPE/linear/Q2FYP2.pdb,
ESKAPE,linear,Q2FZ93,downloaded,v6,https://alphafold.ebi.ac.uk/files/AF-Q2FZ93-F1-model_v6.pdb,structures/ESKAPE/linear/Q2FZ93.pdb,
ESKAPE,linear,Q2FZ94,downloaded,v6,https://alphafold.ebi.ac.uk/files/AF-Q2FZ94-F1-model_v6.pdb,structures/ESKAPE/linear/Q2FZ94.pdb,
ESKAPE,linear,Q2FZB1,downloaded,v6,https://alphafold.ebi.ac.uk/files/AF-Q2FZB1-F1-model_v6.pdb,structures/ESKAPE/linear/Q2FZB1.pdb,
ESKAPE,linear,Q2FZB8,downloaded,v6,https://alphafold.ebi.ac.uk/files/AF-Q2FZB8-F1-model_v6.pdb,structures/ESKAPE/linear/Q2FZB8.pdb,
ESKAPE,linear,Q2FZF0,downloaded,v6,https://alphafold.ebi.ac.uk/files/AF-Q2FZF0-F1-model_v6.pdb,structures/ESKAPE/linear/Q2FZF0.pdb,
ESKAPE,linear,Q2FZK7,downloaded,v6,https://alphafold.ebi.ac.uk/files/AF-Q2FZK7-F1-model_v6.pdb,structures/ESKAPE/linear/Q2FZK7.pdb,
ESKAPE,linear,Q2G010,downloaded,v6,https://alphafold.ebi.ac.uk/files/AF-Q2G010-F1-model_v6.pdb,structures/ESKAPE/linear/Q2G010.pdb,
ESKAPE,linear,Q2G028,downloaded,v6,https://alphafold.ebi.ac.uk/files/AF-Q2G028-F1-model_v6.pdb,structures/ESKAPE/linear/Q2G028.pdb,
ESKAPE,linear,Q2G032,downloaded,v6,https://alphafold.ebi.ac.uk/files/AF-Q2G032-F1-model_v6.pdb,structures/ESKAPE/linear/Q2G032.pdb,
ESKAPE,linear,Q2G034,downloaded,v6,https://alphafold.ebi.ac.uk/files/AF-Q2G034-F1-model_v6.pdb,structures/ESKAPE/linear/Q2G034.pdb,
ESKAPE,linear,Q2G155,downloaded,v6,https://alphafold.ebi.ac.uk/files/AF-Q2G155-F1-model_v6.pdb,structures/ESKAPE/linear/Q2G155.pdb,
ESKAPE,linear,Q2G1E2,downloaded,v6,https://alphafold.ebi.ac.uk/files/AF-Q2G1E2-F1-model_v6.pdb,structures/ESKAPE/linear/Q2G1E2.pdb,
ESKAPE,linear,Q2G1N0,downloaded,v6,https://alphafold.ebi.ac.uk/files/AF-Q2G1N0-F1-model_v6.pdb,structures/ESKAPE/linear/Q2G1N0.pdb,
ESKAPE,linear,Q2G1X0,downloaded,v6,https://alphafold.ebi.ac.uk/files/AF-Q2G1X0-F1-model_v6.pdb,structures/ESKAPE/linear/Q2G1X0.pdb,
ESKAPE,linear,Q2G282,downloaded,v6,https://alphafold.ebi.ac.uk/files/AF-Q2G282-F1-model_v6.pdb,structures/ESKAPE/linear/Q2G282.pdb,
ESKAPE,linear,Q2G2B2,downloaded,v6,https://alphafold.ebi.ac.uk/files/AF-Q2G2B2-F1-model_v6.pdb,structures/ESKAPE/linear/Q2G2B2.pdb,
ESKAPE,linear,Q2G2D8,downloaded,v6,https://alphafold.ebi.ac.uk/files/AF-Q2G2D8-F1-model_v6.pdb,structures/ESKAPE/linear/Q2G2D8.pdb,
ESKAPE,linear,Q2G2G6,downloaded,v6,https://alphafold.ebi.ac.uk/files/AF-Q2G2G6-F1-model_v6.pdb,structures/ESKAPE/linear/Q2G2G6.pdb,
ESKAPE,linear,Q2G2Q0,downloaded,v6,https://alphafold.ebi.ac.uk/files/AF-Q2G2Q0-F1-model_v6.pdb,structures/ESKAPE/linear/Q2G2Q0.pdb,
ESKAPE,linear,Q2G2W1,downloaded,v6,https://alphafold.ebi.ac.uk/files/AF-Q2G2W1-F1-model_v6.pdb,structures/ESKAPE/linear/Q2G2W1.pdb,
ESKAPE,linear,Q2G2Y0,downloaded,v6,https://alphafold.ebi.ac.uk/files/AF-Q2G2Y0-F1-model_v6.pdb,structures/ESKAPE/linear/Q2G2Y0.pdb,
ESKAPE,linear,Q3XYW0,downloaded,v6,https://alphafold.ebi.ac.uk/files/AF-Q3XYW0-F1-model_v6.pdb,structures/ESKAPE/linear/Q3XYW0.pdb,
ESKAPE,linear,Q53682,downloaded,v6,https://alphafold.ebi.ac.uk/files/AF-Q53682-F1-model_v6.pdb,structures/ESKAPE/linear/Q53682.pdb,
ESKAPE,linear,T1Y671,not_found,,,,
