"Epitope ID - IEDB IRI","Epitope - Object Type","Epitope - Name","Epitope - Modified Residue(s)","Epitope - Modifications","Epitope - Starting Position","Epitope - Ending Position","Epitope - IRI","Epitope - Synonyms","Epitope - Source Molecule","Epitope - Source Molecule IRI","Epitope - Molecule Parent","Epitope - Molecule Parent IRI","Epitope - Source Organism","Epitope - Source Organism IRI","Epitope - Species","Epitope - Species IRI","Related Object - Epitope Relation","Related Object - Object Type","Related Object - Name","Related Object - Starting Position","Related Object - Ending Position","Related Object - IRI","Related Object - Synonyms","Related Object - Source Molecule","Related Object - Source Molecule IRI","Related Object - Molecule Parent","Related Object - Molecule Parent IRI","Related Object - Source Organism","Related Object - Source Organism IRI","Related Object - Species","Related Object - Species IRI"
http://www.iedb.org/epitope/77284,"Discontinuous peptide",D109,,,,,,,"Staphylokinase precursor",http://www.ncbi.nlm.nih.gov/protein/P68802.1,Staphylokinase,http://www.uniprot.org/uniprot/Q2FWV3,"Staphylococcus aureus",http://purl.obolibrary.org/obo/NCBITaxon_1280,"Staphylococcus aureus",http://purl.obolibrary.org/obo/NCBITaxon_1280,,,,,,,,,,,,,,,
http://www.iedb.org/epitope/77285,"Discontinuous peptide",E102,,,,,,,"Staphylokinase precursor",http://www.ncbi.nlm.nih.gov/protein/P68802.1,Staphylokinase,http://www.uniprot.org/uniprot/Q2FWV3,"Staphylococcus aureus",http://purl.obolibrary.org/obo/NCBITaxon_1280,"Staphylococcus aureus",http://purl.obolibrary.org/obo/NCBITaxon_1280,,,,,,,,,,,,,,,
http://www.iedb.org/epitope/77286,"Discontinuous peptide",E107,,,,,,,"Staphylokinase precursor",http://www.ncbi.nlm.nih.gov/protein/P68802.1,Staphylokinase,http://www.uniprot.org/uniprot/Q2FWV3,"Staphylococcus aureus",http://purl.obolibrary.org/obo/NCBITaxon_1280,"Staphylococcus aureus",http://purl.obolibrary.org/obo/NCBITaxon_1280,,,,,,,,,,,,,,,
http://www.iedb.org/epitope/77287,"Discontinuous peptide",K101,,,,,,,"Staphylokinase precursor",http://www.ncbi.nlm.nih.gov/protein/P68802.1,Staphylokinase,http://www.uniprot.org/uniprot/Q2FWV3,"Staphylococcus aureus",http://purl.obolibrary.org/obo/NCBITaxon_1280,"Staphylococcus aureus",http://purl.obolibrary.org/obo/NCBITaxon_1280,,,,,,,,,,,,,,,
http://www.iedb.org/epitope/77288,"Discontinuous peptide","K101, E102, R104",,,,,,,"Staphylokinase precursor",http://www.ncbi.nlm.nih.gov/protein/P68802.1,Staphylokinase,http://www.uniprot.org/uniprot/Q2FWV3,"Staphylococcus aureus",http://purl.obolibrary.org/obo/NCBITaxon_1280,"Staphylococcus aureus",http://purl.obolibrary.org/obo/NCBITaxon_1280,,,,,,,,,,,,,,,
http://www.iedb.org/epitope/77289,"Discontinuous peptide","K62, K157",,,,,,,"Staphylokinase precursor",http://www.ncbi.nlm.nih.gov/protein/P68802.1,Staphylokinase,http://www.uniprot.org/uniprot/Q2FWV3,"Staphylococcus aureus",http://purl.obolibrary.org/obo/NCBITaxon_1280,"Staphylococcus aureus",http://purl.obolibrary.org/obo/NCBITaxon_1280,,,,,,,,,,,,,,,
http://www.iedb.org/epitope/77290,"Discontinuous peptide","Y89, W93, K163",,,,,,,"Staphylokinase precursor",http://www.ncbi.nlm.nih.gov/protein/P68802.1,Staphylokinase,http://www.uniprot.org/uniprot/Q2FWV3,"Staphylococcus aureus",http://purl.obolibrary.org/obo/NCBITaxon_1280,"Staphylococcus aureus",http://purl.obolibrary.org/obo/NCBITaxon_1280,,,,,,,,,,,,,,,
http://www.iedb.org/epitope/77471,"Discontinuous peptide","Y155, H181, Y184",,,,,,,"Toxic shock syndrome toxin-1 precursor",http://www.ncbi.nlm.nih.gov/protein/P06886.1,"Staphylococcal/Streptococcal toxin beta-grasp domain-containing protein",http://www.uniprot.org/uniprot/Q2FZB1,"Staphylococcus aureus",http://purl.obolibrary.org/obo/NCBITaxon_1280,"Staphylococcus aureus",http://purl.obolibrary.org/obo/NCBITaxon_1280,,,,,,,,,,,,,,,
http://www.iedb.org/epitope/77490,"Discontinuous peptide","K91, E139, A142, F143, K146, N150, K152, Y175, D177, G178, K179, M180, R187, Q188, H203, H206, K209, E217",,,,,,,"Thermonuclease precursor",http://www.ncbi.nlm.nih.gov/protein/P00644.1,Thermonuclease,http://www.uniprot.org/uniprot/Q2G010,"Staphylococcus aureus",http://purl.obolibrary.org/obo/NCBITaxon_1280,"Staphylococcus aureus",http://purl.obolibrary.org/obo/NCBITaxon_1280,,,,,,,,,,,,,,,
http://www.iedb.org/epitope/145037,"Discontinuous peptide","D431, R483",,,,,,,"exotoxin A precursor",http://www.ncbi.nlm.nih.gov/protein/EGM18527.1,"Exotoxin A",http://www.uniprot.org/uniprot/P11439,"Pseudomonas aeruginosa",http://purl.obolibrary.org/obo/NCBITaxon_287,"Pseudomonas aeruginosa",http://purl.obolibrary.org/obo/NCBITaxon_287,,,,,,,,,,,,,,,
http://www.iedb.org/epitope/145038,"Discontinuous peptide","D488, R492, R563",,,,,,,"exotoxin A precursor",http://www.ncbi.nlm.nih.gov/protein/EGM18527.1,"Exotoxin A",http://www.uniprot.org/uniprot/P11439,"Pseudomonas aeruginosa",http://purl.obolibrary.org/obo/NCBITaxon_287,"Pseudomonas aeruginosa",http://purl.obolibrary.org/obo/NCBITaxon_287,,,,,,,,,,,,,,,
http://www.iedb.org/epitope/145039,"Discontinuous peptide","E445, D614, K615",,,,,,,"exotoxin A precursor",http://www.ncbi.nlm.nih.gov/protein/EGM18527.1,"Exotoxin A",http://www.uniprot.org/uniprot/P11439,"Pseudomonas aeruginosa",http://purl.obolibrary.org/obo/NCBITaxon_287,"Pseudomonas aeruginosa",http://purl.obolibrary.org/obo/NCBITaxon_287,,,,,,,,,,,,,,,
http://www.iedb.org/epitope/145040,"Discontinuous peptide","R437, D488, R515, R601, K631",,,,,,,"exotoxin A precursor",http://www.ncbi.nlm.nih.gov/protein/EGM18527.1,"Exotoxin A",http://www.uniprot.org/uniprot/P11439,"Pseudomonas aeruginosa",http://purl.obolibrary.org/obo/NCBITaxon_287,"Pseudomonas aeruginosa",http://purl.obolibrary.org/obo/NCBITaxon_287,,,,,,,,,,,,,,,
http://www.iedb.org/epitope/145041,"Discontinuous peptide","R452, E456, R457, R538, R588",,,,,,,"exotoxin A precursor",http://www.ncbi.nlm.nih.gov/protein/EGM18527.1,"Exotoxin A",http://www.uniprot.org/uniprot/P11439,"Pseudomonas aeruginosa",http://purl.obolibrary.org/obo/NCBITaxon_287,"Pseudomonas aeruginosa",http://purl.obolibrary.org/obo/NCBITaxon_287,,,,,,,,,,,,,,,
http://www.iedb.org/epitope/145042,"Discontinuous peptide","R538, E573",,,,,,,"exotoxin A precursor",http://www.ncbi.nlm.nih.gov/protein/EGM18527.1,"Exotoxin A",http://www.uniprot.org/uniprot/P11439,"Pseudomonas aeruginosa",http://purl.obolibrary.org/obo/NCBITaxon_287,"Pseudomonas aeruginosa",http://purl.obolibrary.org/obo/NCBITaxon_287,,,,,,,,,,,,,,,
http://www.iedb.org/epitope/145043,"Discontinuous peptide","R601, D606, Q617",,,,,,,"exotoxin A precursor",http://www.ncbi.nlm.nih.gov/protein/EGM18527.1,"Exotoxin A",http://www.uniprot.org/uniprot/P11439,"Pseudomonas aeruginosa",http://purl.obolibrary.org/obo/NCBITaxon_287,"Pseudomonas aeruginosa",http://purl.obolibrary.org/obo/NCBITaxon_287,,,,,,,,,,,,,,,
http://www.iedb.org/epitope/158649,"Discontinuous peptide on multi chain","G421, A422, A423, M424, T425, M427, A428, D431, Q432; C: F94, A97, W98, I101, L104, N105, V106, P107, R109",,,,,,,,,,,"Pseudomonas aeruginosa",http://purl.obolibrary.org/obo/NCBITaxon_287,"Pseudomonas aeruginosa",http://purl.obolibrary.org/obo/NCBITaxon_287,,,,,,,,,,,,,,,
http://www.iedb.org/epitope/167477,"Discontinuous peptide",Q357,,,,,,,"Exotoxin A precursor",http://www.ncbi.nlm.nih.gov/protein/P11439.2,"Exotoxin A",http://www.uniprot.org/uniprot/P11439,"Pseudomonas aeruginosa",http://purl.obolibrary.org/obo/NCBITaxon_287,"Pseudomonas aeruginosa",http://purl.obolibrary.org/obo/NCBITaxon_287,,,,,,,,,,,,,,,
http://www.iedb.org/epitope/187209,"Discontinuous peptide","K56, E57, Q90, Y91, R92, V93, Y94, S95, E96, G98, A105, K231, A233, D234, P239, R279, W300",,,,,,,Alpha-hemolysin,http://www.ncbi.nlm.nih.gov/protein/P09616.2,Alpha-hemolysin,http://www.uniprot.org/uniprot/Q2G1X0,"Staphylococcus aureus",http://purl.obolibrary.org/obo/NCBITaxon_1280,"Staphylococcus aureus",http://purl.obolibrary.org/obo/NCBITaxon_1280,,,,,,,,,,,,,,,
http://www.iedb.org/epitope/227883,"Discontinuous peptide on multi chain","B: G421, A422, A423, M424, T425, M427, A428, D431; C: F94, A97, W98, I101, L104, N105, V106, P107, R109, E145",,,,,,,,,,,"Pseudomonas aeruginosa",http://purl.obolibrary.org/obo/NCBITaxon_287,"Pseudomonas aeruginosa",http://purl.obolibrary.org/obo/NCBITaxon_287,,,,,,,,,,,,,,,
http://www.iedb.org/epitope/232600,"Discontinuous peptide","N199, W205, P207, Y208, D209, D211, S212, W213, N214, P215, V216, Y217, R226, T289, N290, K292",,,,,,,Alpha-hemolysin,http://www.ncbi.nlm.nih.gov/protein/Q2G1X0.1,Alpha-hemolysin,http://www.uniprot.org/uniprot/Q2G1X0,"Staphylococcus aureus subsp. aureus NCTC 8325",http://purl.obolibrary.org/obo/NCBITaxon_93061,"Staphylococcus aureus",http://purl.obolibrary.org/obo/NCBITaxon_1280,,,,,,,,,,,,,,,
http://www.iedb.org/epitope/417982,"Discontinuous peptide","D32, P33, P35, R162, F164, D166, G167, K168, N169, S172, Y213, K215, I217, K256, E258, Y260, T262",,,,,,,"Enterotoxin type B precursor",http://www.ncbi.nlm.nih.gov/protein/P01552.1,"Enterotoxin family protein",http://www.uniprot.org/uniprot/Q2FXX5,"Staphylococcus aureus",http://purl.obolibrary.org/obo/NCBITaxon_1280,"Staphylococcus aureus",http://purl.obolibrary.org/obo/NCBITaxon_1280,,,,,,,,,,,,,,,
http://www.iedb.org/epitope/417983,"Discontinuous peptide","G150, Q152, L153, D154, K155, Y156, R157, S158, Q176, K180, K253",,,,,,,"Enterotoxin type B precursor",http://www.ncbi.nlm.nih.gov/protein/P01552.1,"Enterotoxin family protein",http://www.uniprot.org/uniprot/Q2FXX5,"Staphylococcus aureus",http://purl.obolibrary.org/obo/NCBITaxon_1280,"Staphylococcus aureus",http://purl.obolibrary.org/obo/NCBITaxon_1280,,,,,,,,,,,,,,,
http://www.iedb.org/epitope/417984,"Discontinuous peptide","Q70, F71, L72, Y73, F74, F95, K96, K98, D99, D102, K103, K105, K107, K125, N245",,,,,,,"Enterotoxin type B precursor",http://www.ncbi.nlm.nih.gov/protein/P01552.1,"Enterotoxin family protein",http://www.uniprot.org/uniprot/Q2FXX5,"Staphylococcus aureus",http://purl.obolibrary.org/obo/NCBITaxon_1280,"Staphylococcus aureus",http://purl.obolibrary.org/obo/NCBITaxon_1280,,,,,,,,,,,,,,,
http://www.iedb.org/epitope/417985,"Discontinuous peptide","T45, G46, L47, E49, N50, V53, D56, D57, N58, L85, G86, N87, N115, Y117, R137, F204, N205",,,,,,,"Enterotoxin type B precursor",http://www.ncbi.nlm.nih.gov/protein/P01552.1,"Enterotoxin family protein",http://www.uniprot.org/uniprot/Q2FXX5,"Staphylococcus aureus",http://purl.obolibrary.org/obo/NCBITaxon_1280,"Staphylococcus aureus",http://purl.obolibrary.org/obo/NCBITaxon_1280,,,,,,,,,,,,,,,
http://www.iedb.org/epitope/548857,"Discontinuous peptide","N100, Y102, W103, N235, L236, W237, K239, D240, W291, R293, F296",,,,,,,"Uncharacterized leukocidin-like protein 1",http://www.ncbi.nlm.nih.gov/protein/Q2FFA3.1,"Uncharacterized leukocidin-like protein 1",http://www.uniprot.org/uniprot/Q2FWP0,"Staphylococcus aureus subsp. aureus USA300",http://purl.obolibrary.org/obo/NCBITaxon_367830,"Staphylococcus aureus",http://purl.obolibrary.org/obo/NCBITaxon_1280,,,,,,,,,,,,,,,
http://www.iedb.org/epitope/561435,"Discontinuous peptide","E130, E131, G132, N133, K134, D135, K136, Q137, D138, P139, H140, A141, N227, T228, E229, K230, Q231, G232, T233, P234, E235, Q236, M237",,,,,,,"manganese ABC transporter substrate-binding protein",http://www.ncbi.nlm.nih.gov/protein/WP_064136516.1,"ABC transporter, substrate-binding protein, putative",http://www.uniprot.org/uniprot/Q2G2D8,"Staphylococcus aureus",http://purl.obolibrary.org/obo/NCBITaxon_1280,"Staphylococcus aureus",http://purl.obolibrary.org/obo/NCBITaxon_1280,,,,,,,,,,,,,,,
http://www.iedb.org/epitope/561436,"Discontinuous peptide","K245, H251, V254, K260, E264, S267, E268, E269, T270, K271, K272, I274, F275, G276, E277, K289",,,,,,,"manganese ABC transporter substrate-binding protein",http://www.ncbi.nlm.nih.gov/protein/WP_064136516.1,"ABC transporter, substrate-binding protein, putative",http://www.uniprot.org/uniprot/Q2G2D8,"Staphylococcus aureus",http://purl.obolibrary.org/obo/NCBITaxon_1280,"Staphylococcus aureus",http://purl.obolibrary.org/obo/NCBITaxon_1280,,,,,,,,,,,,,,,
http://www.iedb.org/epitope/569444,"Discontinuous peptide","D374, V417, V419, T421, I422",,,,,,,"Iron-regulated surface determinant protein B",http://www.ncbi.nlm.nih.gov/protein/Q2YX96.1,"Iron-regulated surface determinant protein B",http://www.uniprot.org/uniprot/Q2FZF0,"Staphylococcus aureus",http://purl.obolibrary.org/obo/NCBITaxon_1280,"Staphylococcus aureus",http://purl.obolibrary.org/obo/NCBITaxon_1280,,,,,,,,,,,,,,,
http://www.iedb.org/epitope/569445,"Discontinuous peptide","D374, V419, T421",,,,,,,"Iron-regulated surface determinant protein B",http://www.ncbi.nlm.nih.gov/protein/Q2YX96.1,"Iron-regulated surface determinant protein B",http://www.uniprot.org/uniprot/Q2FZF0,"Staphylococcus aureus",http://purl.obolibrary.org/obo/NCBITaxon_1280,"Staphylococcus aureus",http://purl.obolibrary.org/obo/NCBITaxon_1280,,,,,,,,,,,,,,,
http://www.iedb.org/epitope/569446,"Discontinuous peptide","D374, V419, T421, I422",,,,,,,"Iron-regulated surface determinant protein B",http://www.ncbi.nlm.nih.gov/protein/Q2YX96.1,"Iron-regulated surface determinant protein B",http://www.uniprot.org/uniprot/Q2FZF0,"Staphylococcus aureus",http://purl.obolibrary.org/obo/NCBITaxon_1280,"Staphylococcus aureus",http://purl.obolibrary.org/obo/NCBITaxon_1280,,,,,,,,,,,,,,,
http://www.iedb.org/epitope/569447,"Discontinuous peptide","D374, Y375, V417, V419, T421, I422",,,,,,,"Iron-regulated surface determinant protein B",http://www.ncbi.nlm.nih.gov/protein/Q2YX96.1,"Iron-regulated surface determinant protein B",http://www.uniprot.org/uniprot/Q2FZF0,"Staphylococcus aureus",http://purl.obolibrary.org/obo/NCBITaxon_1280,"Staphylococcus aureus",http://purl.obolibrary.org/obo/NCBITaxon_1280,,,,,,,,,,,,,,,
http://www.iedb.org/epitope/569448,"Discontinuous peptide","F148, Y149, H150, A152, F226",,,,,,,"Iron-regulated surface determinant protein B",http://www.ncbi.nlm.nih.gov/protein/Q2YX96.1,"Iron-regulated surface determinant protein B",http://www.uniprot.org/uniprot/Q2FZF0,"Staphylococcus aureus",http://purl.obolibrary.org/obo/NCBITaxon_1280,"Staphylococcus aureus",http://purl.obolibrary.org/obo/NCBITaxon_1280,,,,,,,,,,,,,,,
http://www.iedb.org/epitope/569449,"Discontinuous peptide","F148, Y149, H150, A152, Y233",,,,,,,"Iron-regulated surface determinant protein B",http://www.ncbi.nlm.nih.gov/protein/Q2YX96.1,"Iron-regulated surface determinant protein B",http://www.uniprot.org/uniprot/Q2FZF0,"Staphylococcus aureus",http://purl.obolibrary.org/obo/NCBITaxon_1280,"Staphylococcus aureus",http://purl.obolibrary.org/obo/NCBITaxon_1280,,,,,,,,,,,,,,,
http://www.iedb.org/epitope/569450,"Discontinuous peptide","F350, D374, Y375, V417, V419, T421, I422",,,,,,,"Iron-regulated surface determinant protein B",http://www.ncbi.nlm.nih.gov/protein/Q2YX96.1,"Iron-regulated surface determinant protein B",http://www.uniprot.org/uniprot/Q2FZF0,"Staphylococcus aureus",http://purl.obolibrary.org/obo/NCBITaxon_1280,"Staphylococcus aureus",http://purl.obolibrary.org/obo/NCBITaxon_1280,,,,,,,,,,,,,,,
http://www.iedb.org/epitope/569451,"Discontinuous peptide","F350, Y375, V417, V419, T421, I422",,,,,,,"Iron-regulated surface determinant protein B",http://www.ncbi.nlm.nih.gov/protein/Q2YX96.1,"Iron-regulated surface determinant protein B",http://www.uniprot.org/uniprot/Q2FZF0,"Staphylococcus aureus",http://purl.obolibrary.org/obo/NCBITaxon_1280,"Staphylococcus aureus",http://purl.obolibrary.org/obo/NCBITaxon_1280,,,,,,,,,,,,,,,
http://www.iedb.org/epitope/569452,"Discontinuous peptide","F350, Y375, V417, V419, T421, I422, Y424",,,,,,,"Iron-regulated surface determinant protein B",http://www.ncbi.nlm.nih.gov/protein/Q2YX96.1,"Iron-regulated surface determinant protein B",http://www.uniprot.org/uniprot/Q2FZF0,"Staphylococcus aureus",http://purl.obolibrary.org/obo/NCBITaxon_1280,"Staphylococcus aureus",http://purl.obolibrary.org/obo/NCBITaxon_1280,,,,,,,,,,,,,,,
http://www.iedb.org/epitope/569453,"Discontinuous peptide","K325, M326, T327, D328, L329, Q330, D331, K352, P354, K356, V367, I389, S390, T399",,,,,,,"Iron-regulated surface determinant protein B",http://www.ncbi.nlm.nih.gov/protein/Q2YX96.1,"Iron-regulated surface determinant protein B",http://www.uniprot.org/uniprot/Q2FZF0,"Staphylococcus aureus",http://purl.obolibrary.org/obo/NCBITaxon_1280,"Staphylococcus aureus",http://purl.obolibrary.org/obo/NCBITaxon_1280,,,,,,,,,,,,,,,
http://www.iedb.org/epitope/569454,"Discontinuous peptide","M346, M347, T349, F350, N372, D374, Y375, N396, V419, K420, T421, I422, D423, Y424, Y428",,,,,,,"Iron-regulated surface determinant protein B",http://www.ncbi.nlm.nih.gov/protein/Q2YX96.1,"Iron-regulated surface determinant protein B",http://www.uniprot.org/uniprot/Q2FZF0,"Staphylococcus aureus",http://purl.obolibrary.org/obo/NCBITaxon_1280,"Staphylococcus aureus",http://purl.obolibrary.org/obo/NCBITaxon_1280,,,,,,,,,,,,,,,
http://www.iedb.org/epitope/569455,"Discontinuous peptide","M346, T349, F350, N372, Y375, N395, V417, V419, K420, T421, I422, D423, Y424, Y428",,,,,,,"Iron-regulated surface determinant protein B",http://www.ncbi.nlm.nih.gov/protein/Q2YX96.1,"Iron-regulated surface determinant protein B",http://www.uniprot.org/uniprot/Q2FZF0,"Staphylococcus aureus",http://purl.obolibrary.org/obo/NCBITaxon_1280,"Staphylococcus aureus",http://purl.obolibrary.org/obo/NCBITaxon_1280,,,,,,,,,,,,,,,
http://www.iedb.org/epitope/569456,"Discontinuous peptide","V419, I422",,,,,,,"Iron-regulated surface determinant protein B",http://www.ncbi.nlm.nih.gov/protein/Q2YX96.1,"Iron-regulated surface determinant protein B",http://www.uniprot.org/uniprot/Q2FZF0,"Staphylococcus aureus",http://purl.obolibrary.org/obo/NCBITaxon_1280,"Staphylococcus aureus",http://purl.obolibrary.org/obo/NCBITaxon_1280,,,,,,,,,,,,,,,
http://www.iedb.org/epitope/569457,"Discontinuous peptide","V419, K420, T421, I422",,,,,,,"Iron-regulated surface determinant protein B",http://www.ncbi.nlm.nih.gov/protein/Q2YX96.1,"Iron-regulated surface determinant protein B",http://www.uniprot.org/uniprot/Q2FZF0,"Staphylococcus aureus",http://purl.obolibrary.org/obo/NCBITaxon_1280,"Staphylococcus aureus",http://purl.obolibrary.org/obo/NCBITaxon_1280,,,,,,,,,,,,,,,
http://www.iedb.org/epitope/569458,"Discontinuous peptide","Y149, H150",,,,,,,"Iron-regulated surface determinant protein B",http://www.ncbi.nlm.nih.gov/protein/Q2YX96.1,"Iron-regulated surface determinant protein B",http://www.uniprot.org/uniprot/Q2FZF0,"Staphylococcus aureus",http://purl.obolibrary.org/obo/NCBITaxon_1280,"Staphylococcus aureus",http://purl.obolibrary.org/obo/NCBITaxon_1280,,,,,,,,,,,,,,,
http://www.iedb.org/epitope/569459,"Discontinuous peptide","Y149, H150, A152",,,,,,,"Iron-regulated surface determinant protein B",http://www.ncbi.nlm.nih.gov/protein/Q2YX96.1,"Iron-regulated surface determinant protein B",http://www.uniprot.org/uniprot/Q2FZF0,"Staphylococcus aureus",http://purl.obolibrary.org/obo/NCBITaxon_1280,"Staphylococcus aureus",http://purl.obolibrary.org/obo/NCBITaxon_1280,,,,,,,,,,,,,,,
http://www.iedb.org/epitope/569460,"Discontinuous peptide","Y149, H150, F226",,,,,,,"Iron-regulated surface determinant protein B",http://www.ncbi.nlm.nih.gov/protein/Q2YX96.1,"Iron-regulated surface determinant protein B",http://www.uniprot.org/uniprot/Q2FZF0,"Staphylococcus aureus",http://purl.obolibrary.org/obo/NCBITaxon_1280,"Staphylococcus aureus",http://purl.obolibrary.org/obo/NCBITaxon_1280,,,,,,,,,,,,,,,
http://www.iedb.org/epitope/569461,"Discontinuous peptide","Y375, V419, T421, I422",,,,,,,"Iron-regulated surface determinant protein B",http://www.ncbi.nlm.nih.gov/protein/Q2YX96.1,"Iron-regulated surface determinant protein B",http://www.uniprot.org/uniprot/Q2FZF0,"Staphylococcus aureus",http://purl.obolibrary.org/obo/NCBITaxon_1280,"Staphylococcus aureus",http://purl.obolibrary.org/obo/NCBITaxon_1280,,,,,,,,,,,,,,,
http://www.iedb.org/epitope/569462,"Discontinuous peptide","D159, T161, Q162, F164, Y165, Y167, A168, S169, Q190, S191, F194, T240, H241, F242, N243, E247, Y249",,,,,,,"Iron-regulated surface determinant protein B",http://www.ncbi.nlm.nih.gov/protein/Q6GA86.1,"Iron-regulated surface determinant protein B",http://www.uniprot.org/uniprot/Q2FZF0,"Staphylococcus aureus",http://purl.obolibrary.org/obo/NCBITaxon_1280,"Staphylococcus aureus",http://purl.obolibrary.org/obo/NCBITaxon_1280,,,,,,,,,,,,,,,
http://www.iedb.org/epitope/569463,"Discontinuous peptide","T121, Y122, P123, N126, Q127, E131, I133, K134, N135, P136, A137, K139, K141, Y214, T216",,,,,,,"Iron-regulated surface determinant protein B",http://www.ncbi.nlm.nih.gov/protein/Q6GA86.1,"Iron-regulated surface determinant protein B",http://www.uniprot.org/uniprot/Q2FZF0,"Staphylococcus aureus",http://purl.obolibrary.org/obo/NCBITaxon_1280,"Staphylococcus aureus",http://purl.obolibrary.org/obo/NCBITaxon_1280,,,,,,,,,,,,,,,
http://www.iedb.org/epitope/569464,"Discontinuous peptide",Y165,,,,,,,"Iron-regulated surface determinant protein B",http://www.ncbi.nlm.nih.gov/protein/Q6GA86.1,"Iron-regulated surface determinant protein B",http://www.uniprot.org/uniprot/Q2FZF0,"Staphylococcus aureus",http://purl.obolibrary.org/obo/NCBITaxon_1280,"Staphylococcus aureus",http://purl.obolibrary.org/obo/NCBITaxon_1280,,,,,,,,,,,,,,,
http://www.iedb.org/epitope/607028,"Discontinuous peptide","I408, Q428, Q429, T431, S432, I433, K434, N460, N463, I464, T465, F466, P467, N468, K473, N477, P479, D481, Y510, Y512, W518",,,,,,,"Clumping factor A",http://www.ncbi.nlm.nih.gov/protein/Q53653.1,"Clumping factor A",http://www.uniprot.org/uniprot/Q2G015,"Staphylococcus aureus subsp. aureus str. Newman",http://purl.obolibrary.org/obo/NCBITaxon_426430,"Staphylococcus aureus",http://purl.obolibrary.org/obo/NCBITaxon_1280,,,,,,,,,,,,,,,
http://www.iedb.org/epitope/652901,"Discontinuous peptide","R286, R364",,,,,,,"exotoxin, partial",http://www.ncbi.nlm.nih.gov/protein/WP_044305324.1,"Exotoxin A",http://www.uniprot.org/uniprot/P11439,"Pseudomonas aeruginosa",http://purl.obolibrary.org/obo/NCBITaxon_287,"Pseudomonas aeruginosa",http://purl.obolibrary.org/obo/NCBITaxon_287,,,,,,,,,,,,,,,
http://www.iedb.org/epitope/688618,"Discontinuous peptide","K230, Q231, G232, T233, P234, E235, M237, R238, Q239, I241, E242, A262, M263, L266",,,,,,,"metal ABC transporter substrate-binding protein [Staphylococcus aureus]",http://www.ncbi.nlm.nih.gov/protein/WP_057487006.1,"ABC transporter, substrate-binding protein, putative",http://www.uniprot.org/uniprot/Q2G2D8,"Staphylococcus aureus",http://purl.obolibrary.org/obo/NCBITaxon_1280,"Staphylococcus aureus",http://purl.obolibrary.org/obo/NCBITaxon_1280,,,,,,,,,,,,,,,
http://www.iedb.org/epitope/741160,"Discontinuous peptide","G272, D276, E277, I278, V279",,,,,,,"glyceraldehyde 3-phosphate dehydrogenase 1 [Staphylococcus aureus subsp. aureus str. Newman]",http://www.ncbi.nlm.nih.gov/protein/BAF67013.1,"Glyceraldehyde-3-phosphate dehydrogenase",http://www.uniprot.org/uniprot/Q2G032,"Staphylococcus aureus subsp. aureus str. Newman",http://purl.obolibrary.org/obo/NCBITaxon_426430,"Staphylococcus aureus",http://purl.obolibrary.org/obo/NCBITaxon_1280,,,,,,,,,,,,,,,
http://www.iedb.org/epitope/745080,"Discontinuous peptide","A51, H52, W53, T54, I55, N56, L57, Q68, V90, S91, K92, Q94",,,,,,,"XcpQ [Pseudomonas aeruginosa PAO1]",http://www.ncbi.nlm.nih.gov/protein/CAA48582.1,"Secretin XcpQ",http://www.uniprot.org/uniprot/P35818,"Pseudomonas aeruginosa PAO1",http://purl.obolibrary.org/obo/NCBITaxon_208964,"Pseudomonas aeruginosa",http://purl.obolibrary.org/obo/NCBITaxon_287,,,,,,,,,,,,,,,
http://www.iedb.org/epitope/768087,"Discontinuous peptide","P236, G240, L242, T243",,,,,,,"glyceraldehyde 3-phosphate dehydrogenase 1 [Staphylococcus aureus subsp. aureus str. Newman]",http://www.ncbi.nlm.nih.gov/protein/BAF67013.1,"Glyceraldehyde-3-phosphate dehydrogenase",http://www.uniprot.org/uniprot/Q2G032,"Staphylococcus aureus subsp. aureus str. Newman",http://purl.obolibrary.org/obo/NCBITaxon_426430,"Staphylococcus aureus",http://purl.obolibrary.org/obo/NCBITaxon_1280,,,,,,,,,,,,,,,
http://www.iedb.org/epitope/836600,"Discontinuous peptide","A158, R159, Q160, G161, R163, D165, D226, E227, P229, F230, E231, K232, D233",,,,,,,"type III secretion system protein [Pseudomonas aeruginosa]",http://www.ncbi.nlm.nih.gov/protein/AGH20064.1,"Type III secretion protein PcrV",http://www.uniprot.org/uniprot/G3XD49,"Pseudomonas aeruginosa",http://purl.obolibrary.org/obo/NCBITaxon_287,"Pseudomonas aeruginosa",http://purl.obolibrary.org/obo/NCBITaxon_287,,,,,,,,,,,,,,,
http://www.iedb.org/epitope/956770,"Discontinuous peptide","T45, G46, L47, N50, V53, Y116, Y117, Y142, F204, N205, M242",,,,,,,"Enterotoxin type B precursor",http://www.ncbi.nlm.nih.gov/protein/P01552.1,"Enterotoxin family protein",http://www.uniprot.org/uniprot/Q2FXX5,"Staphylococcus aureus",http://purl.obolibrary.org/obo/NCBITaxon_1280,"Staphylococcus aureus",http://purl.obolibrary.org/obo/NCBITaxon_1280,,,,,,,,,,,,,,,
http://www.iedb.org/epitope/957023,"Discontinuous peptide","Q260, E298, R317, P318, L319, D321, K322, S323, S325, D326, S327, E328, Y331, P332, P333",,,,,,,"polyamine transport protein [Pseudomonas aeruginosa]",http://www.ncbi.nlm.nih.gov/protein/CDO85059.1,"Spermidine-binding periplasmic protein SpuE",http://www.uniprot.org/uniprot/Q9I6J0,"Pseudomonas aeruginosa",http://purl.obolibrary.org/obo/NCBITaxon_287,"Pseudomonas aeruginosa",http://purl.obolibrary.org/obo/NCBITaxon_287,,,,,,,,,,,,,,,
http://www.iedb.org/epitope/1625332,"Discontinuous peptide","E107, D109",,,,,,,"Staphylokinase precursor",http://www.ncbi.nlm.nih.gov/protein/P68802.1,Staphylokinase,http://www.uniprot.org/uniprot/Q2FWV3,"Staphylococcus aureus",http://purl.obolibrary.org/obo/NCBITaxon_1280,"Staphylococcus aureus",http://purl.obolibrary.org/obo/NCBITaxon_1280,,,,,,,,,,,,,,,
http://www.iedb.org/epitope/1625333,"Discontinuous peptide","K62, E65",,,,,,,"Staphylokinase precursor",http://www.ncbi.nlm.nih.gov/protein/P68802.1,Staphylokinase,http://www.uniprot.org/uniprot/Q2FWV3,"Staphylococcus aureus",http://purl.obolibrary.org/obo/NCBITaxon_1280,"Staphylococcus aureus",http://purl.obolibrary.org/obo/NCBITaxon_1280,,,,,,,,,,,,,,,
http://www.iedb.org/epitope/1625334,"Discontinuous peptide","K62, E65, E107, D109",,,,,,,"Staphylokinase precursor",http://www.ncbi.nlm.nih.gov/protein/P68802.1,Staphylokinase,http://www.uniprot.org/uniprot/Q2FWV3,"Staphylococcus aureus",http://purl.obolibrary.org/obo/NCBITaxon_1280,"Staphylococcus aureus",http://purl.obolibrary.org/obo/NCBITaxon_1280,,,,,,,,,,,,,,,
http://www.iedb.org/epitope/1625335,"Discontinuous peptide","K62, E65, K101, E102, R104",,,,,,,"Staphylokinase precursor",http://www.ncbi.nlm.nih.gov/protein/P68802.1,Staphylokinase,http://www.uniprot.org/uniprot/Q2FWV3,"Staphylococcus aureus",http://purl.obolibrary.org/obo/NCBITaxon_1280,"Staphylococcus aureus",http://purl.obolibrary.org/obo/NCBITaxon_1280,,,,,,,,,,,,,,,
http://www.iedb.org/epitope/1625336,"Discontinuous peptide","K62, E65, K101, E107, D109",,,,,,,"Staphylokinase precursor",http://www.ncbi.nlm.nih.gov/protein/P68802.1,Staphylokinase,http://www.uniprot.org/uniprot/Q2FWV3,"Staphylococcus aureus",http://purl.obolibrary.org/obo/NCBITaxon_1280,"Staphylococcus aureus",http://purl.obolibrary.org/obo/NCBITaxon_1280,,,,,,,,,,,,,,,
http://www.iedb.org/epitope/2000952,"Discontinuous peptide","G20, I23, L26, P27, K31, D32, T36, G37, S38, V44, N137, F140, I141, P144, E222, T223, S226, L227, D231, P237, I244, D307",,,,,,,"Quinolone resistance protein NorA",http://www.ncbi.nlm.nih.gov/protein/Q5HHX4.1,"Quinolone resistance protein NorA",http://www.uniprot.org/uniprot/Q2G0A2,"Staphylococcus aureus",http://purl.obolibrary.org/obo/NCBITaxon_1280,"Staphylococcus aureus",http://purl.obolibrary.org/obo/NCBITaxon_1280,,,,,,,,,,,,,,,
http://www.iedb.org/epitope/2000953,"Discontinuous peptide","I19, I23, P27, V28, K31, D32, T36, G37, S38, L40, G41, V44, R98, N137, F140, I141, P144, A151, S219, E222, T223, L224, S226, L227, A230, D231, N234, Y235, P237, I244, G248, F303, D307, R310, N340, F341, P344, L345, G348, A349, D352, V353",,,,,,,"Quinolone resistance protein NorA",http://www.ncbi.nlm.nih.gov/protein/Q5HHX4.1,"Quinolone resistance protein NorA",http://www.uniprot.org/uniprot/Q2G0A2,"Staphylococcus aureus",http://purl.obolibrary.org/obo/NCBITaxon_1280,"Staphylococcus aureus",http://purl.obolibrary.org/obo/NCBITaxon_1280,,,,,,,,,,,,,,,
http://www.iedb.org/epitope/2060773,"Discontinuous peptide","M362, T365, F366, T387, N388, D389, D390, Y391, K410, N411, N412, V433, V435, K436, T437, I438, D439, Y440, Y444",,,,,,,"Iron-regulated surface determinant protein B",http://www.ncbi.nlm.nih.gov/protein/Q2FZF0.1,"Iron-regulated surface determinant protein B",http://www.uniprot.org/uniprot/Q2FZF0,"Staphylococcus aureus",http://purl.obolibrary.org/obo/NCBITaxon_1280,"Staphylococcus aureus",http://purl.obolibrary.org/obo/NCBITaxon_1280,,,,,,,,,,,,,,,
http://www.iedb.org/epitope/2060774,"Discontinuous peptide","Q324, V325, K326, S327, A328, I329, T330, E331, F332, M396, V397, E398, G399, Q400, R401, V402, R403",,,,,,,"Iron-regulated surface determinant protein B",http://www.ncbi.nlm.nih.gov/protein/Q2FZF0.1,"Iron-regulated surface determinant protein B",http://www.uniprot.org/uniprot/Q2FZF0,"Staphylococcus aureus",http://purl.obolibrary.org/obo/NCBITaxon_1280,"Staphylococcus aureus",http://purl.obolibrary.org/obo/NCBITaxon_1280,,,,,,,,,,,,,,,
http://www.iedb.org/epitope/2073840,"Discontinuous peptide",A144,,,,,,,"CRISPR-associated endonuclease Cas9",http://www.ncbi.nlm.nih.gov/protein/J7RUA5.1,"Capsular polysaccharide biosynthesis protein, putative",http://www.uniprot.org/uniprot/Q2G1K8,"Staphylococcus aureus",http://purl.obolibrary.org/obo/NCBITaxon_1280,"Staphylococcus aureus",http://purl.obolibrary.org/obo/NCBITaxon_1280,,,,,,,,,,,,,,,
http://www.iedb.org/epitope/2073842,"Discontinuous peptide",D161,,,,,,,"CRISPR-associated endonuclease Cas9",http://www.ncbi.nlm.nih.gov/protein/J7RUA5.1,"Capsular polysaccharide biosynthesis protein, putative",http://www.uniprot.org/uniprot/Q2G1K8,"Staphylococcus aureus",http://purl.obolibrary.org/obo/NCBITaxon_1280,"Staphylococcus aureus",http://purl.obolibrary.org/obo/NCBITaxon_1280,,,,,,,,,,,,,,,
http://www.iedb.org/epitope/2073843,"Discontinuous peptide",D270,,,,,,,"CRISPR-associated endonuclease Cas9",http://www.ncbi.nlm.nih.gov/protein/J7RUA5.1,"Capsular polysaccharide biosynthesis protein, putative",http://www.uniprot.org/uniprot/Q2G1K8,"Staphylococcus aureus",http://purl.obolibrary.org/obo/NCBITaxon_1280,"Staphylococcus aureus",http://purl.obolibrary.org/obo/NCBITaxon_1280,,,,,,,,,,,,,,,
http://www.iedb.org/epitope/2073844,"Discontinuous peptide",D309,,,,,,,"CRISPR-associated endonuclease Cas9",http://www.ncbi.nlm.nih.gov/protein/J7RUA5.1,"Capsular polysaccharide biosynthesis protein, putative",http://www.uniprot.org/uniprot/Q2G1K8,"Staphylococcus aureus",http://purl.obolibrary.org/obo/NCBITaxon_1280,"Staphylococcus aureus",http://purl.obolibrary.org/obo/NCBITaxon_1280,,,,,,,,,,,,,,,
http://www.iedb.org/epitope/2073845,"Discontinuous peptide",D79,,,,,,,"CRISPR-associated endonuclease Cas9",http://www.ncbi.nlm.nih.gov/protein/J7RUA5.1,"Capsular polysaccharide biosynthesis protein, putative",http://www.uniprot.org/uniprot/Q2G1K8,"Staphylococcus aureus",http://purl.obolibrary.org/obo/NCBITaxon_1280,"Staphylococcus aureus",http://purl.obolibrary.org/obo/NCBITaxon_1280,,,,,,,,,,,,,,,
http://www.iedb.org/epitope/2073846,"Discontinuous peptide",E146,,,,,,,"CRISPR-associated endonuclease Cas9",http://www.ncbi.nlm.nih.gov/protein/J7RUA5.1,"Capsular polysaccharide biosynthesis protein, putative",http://www.uniprot.org/uniprot/Q2G1K8,"Staphylococcus aureus",http://purl.obolibrary.org/obo/NCBITaxon_1280,"Staphylococcus aureus",http://purl.obolibrary.org/obo/NCBITaxon_1280,,,,,,,,,,,,,,,
http://www.iedb.org/epitope/2073847,"Discontinuous peptide",E147,,,,,,,"CRISPR-associated endonuclease Cas9",http://www.ncbi.nlm.nih.gov/protein/J7RUA5.1,"Capsular polysaccharide biosynthesis protein, putative",http://www.uniprot.org/uniprot/Q2G1K8,"Staphylococcus aureus",http://purl.obolibrary.org/obo/NCBITaxon_1280,"Staphylococcus aureus",http://purl.obolibrary.org/obo/NCBITaxon_1280,,,,,,,,,,,,,,,
http://www.iedb.org/epitope/2073848,"Discontinuous peptide",E271,,,,,,,"CRISPR-associated endonuclease Cas9",http://www.ncbi.nlm.nih.gov/protein/J7RUA5.1,"Capsular polysaccharide biosynthesis protein, putative",http://www.uniprot.org/uniprot/Q2G1K8,"Staphylococcus aureus",http://purl.obolibrary.org/obo/NCBITaxon_1280,"Staphylococcus aureus",http://purl.obolibrary.org/obo/NCBITaxon_1280,,,,,,,,,,,,,,,
http://www.iedb.org/epitope/2073849,"Discontinuous peptide",E273,,,,,,,"CRISPR-associated endonuclease Cas9",http://www.ncbi.nlm.nih.gov/protein/J7RUA5.1,"Capsular polysaccharide biosynthesis protein, putative",http://www.uniprot.org/uniprot/Q2G1K8,"Staphylococcus aureus",http://purl.obolibrary.org/obo/NCBITaxon_1280,"Staphylococcus aureus",http://purl.obolibrary.org/obo/NCBITaxon_1280,,,,,,,,,,,,,,,
http://www.iedb.org/epitope/2073852,"Discontinuous peptide",G162,,,,,,,"CRISPR-associated endonuclease Cas9",http://www.ncbi.nlm.nih.gov/protein/J7RUA5.1,"Capsular polysaccharide biosynthesis protein, putative",http://www.uniprot.org/uniprot/Q2G1K8,"Staphylococcus aureus",http://purl.obolibrary.org/obo/NCBITaxon_1280,"Staphylococcus aureus",http://purl.obolibrary.org/obo/NCBITaxon_1280,,,,,,,,,,,,,,,
http://www.iedb.org/epitope/2073853,"Discontinuous peptide",N272,,,,,,,"CRISPR-associated endonuclease Cas9",http://www.ncbi.nlm.nih.gov/protein/J7RUA5.1,"Capsular polysaccharide biosynthesis protein, putative",http://www.uniprot.org/uniprot/Q2G1K8,"Staphylococcus aureus",http://purl.obolibrary.org/obo/NCBITaxon_1280,"Staphylococcus aureus",http://purl.obolibrary.org/obo/NCBITaxon_1280,,,,,,,,,,,,,,,
http://www.iedb.org/epitope/2073854,"Discontinuous peptide",P294,,,,,,,"CRISPR-associated endonuclease Cas9",http://www.ncbi.nlm.nih.gov/protein/J7RUA5.1,"Capsular polysaccharide biosynthesis protein, putative",http://www.uniprot.org/uniprot/Q2G1K8,"Staphylococcus aureus",http://purl.obolibrary.org/obo/NCBITaxon_1280,"Staphylococcus aureus",http://purl.obolibrary.org/obo/NCBITaxon_1280,,,,,,,,,,,,,,,
http://www.iedb.org/epitope/2073855,"Discontinuous peptide",P321,,,,,,,"CRISPR-associated endonuclease Cas9",http://www.ncbi.nlm.nih.gov/protein/J7RUA5.1,"Capsular polysaccharide biosynthesis protein, putative",http://www.uniprot.org/uniprot/Q2G1K8,"Staphylococcus aureus",http://purl.obolibrary.org/obo/NCBITaxon_1280,"Staphylococcus aureus",http://purl.obolibrary.org/obo/NCBITaxon_1280,,,,,,,,,,,,,,,
http://www.iedb.org/epitope/2073856,"Discontinuous peptide",R338,,,,,,,"CRISPR-associated endonuclease Cas9",http://www.ncbi.nlm.nih.gov/protein/J7RUA5.1,"Capsular polysaccharide biosynthesis protein, putative",http://www.uniprot.org/uniprot/Q2G1K8,"Staphylococcus aureus",http://purl.obolibrary.org/obo/NCBITaxon_1280,"Staphylococcus aureus",http://purl.obolibrary.org/obo/NCBITaxon_1280,,,,,,,,,,,,,,,
http://www.iedb.org/epitope/2073857,"Discontinuous peptide",T295,,,,,,,"CRISPR-associated endonuclease Cas9",http://www.ncbi.nlm.nih.gov/protein/J7RUA5.1,"Capsular polysaccharide biosynthesis protein, putative",http://www.uniprot.org/uniprot/Q2G1K8,"Staphylococcus aureus",http://purl.obolibrary.org/obo/NCBITaxon_1280,"Staphylococcus aureus",http://purl.obolibrary.org/obo/NCBITaxon_1280,,,,,,,,,,,,,,,
http://www.iedb.org/epitope/2073858,"Discontinuous peptide",T369,,,,,,,"CRISPR-associated endonuclease Cas9",http://www.ncbi.nlm.nih.gov/protein/J7RUA5.1,"Capsular polysaccharide biosynthesis protein, putative",http://www.uniprot.org/uniprot/Q2G1K8,"Staphylococcus aureus",http://purl.obolibrary.org/obo/NCBITaxon_1280,"Staphylococcus aureus",http://purl.obolibrary.org/obo/NCBITaxon_1280,,,,,,,,,,,,,,,
http://www.iedb.org/epitope/2253157,"Discontinuous peptide","D165, A166, D199, T200, F201, S202, K208, S212, G223, D226",,,,,,,"MULTISPECIES: type III secretion system needle tip protein PcrV [Pseudomonas]",http://www.ncbi.nlm.nih.gov/protein/WP_003109502.1,"Type III secretion protein PcrV",http://www.uniprot.org/uniprot/G3XD49,"Pseudomonas aeruginosa",http://purl.obolibrary.org/obo/NCBITaxon_287,"Pseudomonas aeruginosa",http://purl.obolibrary.org/obo/NCBITaxon_287,,,,,,,,,,,,,,,
http://www.iedb.org/epitope/2253158,"Discontinuous peptide","K225, K232, D233, N234, N235, N239, T242, D246",,,,,,,"MULTISPECIES: type III secretion system needle tip protein PcrV [Pseudomonas]",http://www.ncbi.nlm.nih.gov/protein/WP_003109502.1,"Type III secretion protein PcrV",http://www.uniprot.org/uniprot/G3XD49,"Pseudomonas aeruginosa",http://purl.obolibrary.org/obo/NCBITaxon_287,"Pseudomonas aeruginosa",http://purl.obolibrary.org/obo/NCBITaxon_287,,,,,,,,,,,,,,,
http://www.iedb.org/epitope/2271007,"Discontinuous peptide","K155, S158, I159, T160, R162, F164, K168, N169, L170, L171, S172, F173, D174, Y194, K199, S252, K253, D254, V255, K256",,,,,,,"Enterotoxin type B precursor",http://www.ncbi.nlm.nih.gov/protein/P01552.1,"Enterotoxin family protein",http://www.uniprot.org/uniprot/Q2FXX5,"Staphylococcus aureus",http://purl.obolibrary.org/obo/NCBITaxon_1280,"Staphylococcus aureus",http://purl.obolibrary.org/obo/NCBITaxon_1280,,,,,,,,,,,,,,,
http://www.iedb.org/epitope/2271008,"Discontinuous peptide","L47, E49, N50, K52, V53, D56, N58, N115, Y117, Y118, D135, K136, F204, Q237",,,,,,,"Enterotoxin type B precursor",http://www.ncbi.nlm.nih.gov/protein/P01552.1,"Enterotoxin family protein",http://www.uniprot.org/uniprot/Q2FXX5,"Staphylococcus aureus",http://purl.obolibrary.org/obo/NCBITaxon_1280,"Staphylococcus aureus",http://purl.obolibrary.org/obo/NCBITaxon_1280,,,,,,,,,,,,,,,
http://www.iedb.org/epitope/2271009,"Discontinuous peptide","L47, E49, N50, V53, K84, L85, N87, Y117, Y118, F204, F235",,,,,,,"Enterotoxin type B precursor",http://www.ncbi.nlm.nih.gov/protein/P01552.1,"Enterotoxin family protein",http://www.uniprot.org/uniprot/Q2FXX5,"Staphylococcus aureus",http://purl.obolibrary.org/obo/NCBITaxon_1280,"Staphylococcus aureus",http://purl.obolibrary.org/obo/NCBITaxon_1280,,,,,,,,,,,,,,,
http://www.iedb.org/epitope/2271010,"Discontinuous peptide","L47, E49, N50, V53, N58, N115, Y117, Y118, F204, F235, Q237",,,,,,,"Enterotoxin type B precursor",http://www.ncbi.nlm.nih.gov/protein/P01552.1,"Enterotoxin family protein",http://www.uniprot.org/uniprot/Q2FXX5,"Staphylococcus aureus",http://purl.obolibrary.org/obo/NCBITaxon_1280,"Staphylococcus aureus",http://purl.obolibrary.org/obo/NCBITaxon_1280,,,,,,,,,,,,,,,
http://www.iedb.org/epitope/2271011,"Discontinuous peptide","T45, L47, E49, N50, V53, N58, N115, Y117, Y118, T134, K136, F204, N205, Q237",,,,,,,"Enterotoxin type B precursor",http://www.ncbi.nlm.nih.gov/protein/P01552.1,"Enterotoxin family protein",http://www.uniprot.org/uniprot/Q2FXX5,"Staphylococcus aureus",http://purl.obolibrary.org/obo/NCBITaxon_1280,"Staphylococcus aureus",http://purl.obolibrary.org/obo/NCBITaxon_1280,,,,,,,,,,,,,,,
http://www.iedb.org/epitope/2281124,"Discontinuous peptide","V408, L409, A411, T413, K473, D479, D480, D481, Q482, Y510, Y512, S514, N515, F516, I517, W518",,,,,,,"clumping factor A, partial [Staphylococcus aureus]",http://www.ncbi.nlm.nih.gov/protein/AEK94085.1,"Clumping factor A",http://www.uniprot.org/uniprot/Q2G015,"Staphylococcus aureus TN-90",,"Staphylococcus aureus",http://purl.obolibrary.org/obo/NCBITaxon_1280,,,,,,,,,,,,,,,
http://www.iedb.org/epitope/2281344,"Discontinuous peptide","D428, E445, R452",,,,,,,"Exotoxin A precursor",http://www.ncbi.nlm.nih.gov/protein/P11439.2,"Exotoxin A",http://www.uniprot.org/uniprot/P11439,"Pseudomonas aeruginosa",http://purl.obolibrary.org/obo/NCBITaxon_287,"Pseudomonas aeruginosa",http://purl.obolibrary.org/obo/NCBITaxon_287,,,,,,,,,,,,,,,
http://www.iedb.org/epitope/2281345,"Discontinuous peptide","D428, R452",,,,,,,"Exotoxin A precursor",http://www.ncbi.nlm.nih.gov/protein/P11439.2,"Exotoxin A",http://www.uniprot.org/uniprot/P11439,"Pseudomonas aeruginosa",http://purl.obolibrary.org/obo/NCBITaxon_287,"Pseudomonas aeruginosa",http://purl.obolibrary.org/obo/NCBITaxon_287,,,,,,,,,,,,,,,
http://www.iedb.org/epitope/2281346,"Discontinuous peptide","D428, R452, E456",,,,,,,"Exotoxin A precursor",http://www.ncbi.nlm.nih.gov/protein/P11439.2,"Exotoxin A",http://www.uniprot.org/uniprot/P11439,"Pseudomonas aeruginosa",http://purl.obolibrary.org/obo/NCBITaxon_287,"Pseudomonas aeruginosa",http://purl.obolibrary.org/obo/NCBITaxon_287,,,,,,,,,,,,,,,
http://www.iedb.org/epitope/2281347,"Discontinuous peptide","D431, R457,R492, R515, R538, E573, K615, Q617",,,,,,,"Exotoxin A precursor",http://www.ncbi.nlm.nih.gov/protein/P11439.2,"Exotoxin A",http://www.uniprot.org/uniprot/P11439,"Pseudomonas aeruginosa",http://purl.obolibrary.org/obo/NCBITaxon_287,"Pseudomonas aeruginosa",http://purl.obolibrary.org/obo/NCBITaxon_287,,,,,,,,,,,,,,,
http://www.iedb.org/epitope/2281348,"Discontinuous peptide","D486, R492",,,,,,,"Exotoxin A precursor",http://www.ncbi.nlm.nih.gov/protein/P11439.2,"Exotoxin A",http://www.uniprot.org/uniprot/P11439,"Pseudomonas aeruginosa",http://purl.obolibrary.org/obo/NCBITaxon_287,"Pseudomonas aeruginosa",http://purl.obolibrary.org/obo/NCBITaxon_287,,,,,,,,,,,,,,,
http://www.iedb.org/epitope/2281349,"Discontinuous peptide",D488,,,,,,,"Exotoxin A precursor",http://www.ncbi.nlm.nih.gov/protein/P11439.2,"Exotoxin A",http://www.uniprot.org/uniprot/P11439,"Pseudomonas aeruginosa",http://purl.obolibrary.org/obo/NCBITaxon_287,"Pseudomonas aeruginosa",http://purl.obolibrary.org/obo/NCBITaxon_287,,,,,,,,,,,,,,,
http://www.iedb.org/epitope/2281350,"Discontinuous peptide","D488, R492",,,,,,,"Exotoxin A precursor",http://www.ncbi.nlm.nih.gov/protein/P11439.2,"Exotoxin A",http://www.uniprot.org/uniprot/P11439,"Pseudomonas aeruginosa",http://purl.obolibrary.org/obo/NCBITaxon_287,"Pseudomonas aeruginosa",http://purl.obolibrary.org/obo/NCBITaxon_287,,,,,,,,,,,,,,,
http://www.iedb.org/epitope/2281351,"Discontinuous peptide","D488, R492, L541",,,,,,,"Exotoxin A precursor",http://www.ncbi.nlm.nih.gov/protein/P11439.2,"Exotoxin A",http://www.uniprot.org/uniprot/P11439,"Pseudomonas aeruginosa",http://purl.obolibrary.org/obo/NCBITaxon_287,"Pseudomonas aeruginosa",http://purl.obolibrary.org/obo/NCBITaxon_287,,,,,,,,,,,,,,,
http://www.iedb.org/epitope/2281352,"Discontinuous peptide","D488, R492, Y506, E547",,,,,,,"Exotoxin A precursor",http://www.ncbi.nlm.nih.gov/protein/P11439.2,"Exotoxin A",http://www.uniprot.org/uniprot/P11439,"Pseudomonas aeruginosa",http://purl.obolibrary.org/obo/NCBITaxon_287,"Pseudomonas aeruginosa",http://purl.obolibrary.org/obo/NCBITaxon_287,,,,,,,,,,,,,,,
http://www.iedb.org/epitope/2281353,"Discontinuous peptide","R452, R483, D488, R492, R515, R530, R563",,,,,,,"Exotoxin A precursor",http://www.ncbi.nlm.nih.gov/protein/P11439.2,"Exotoxin A",http://www.uniprot.org/uniprot/P11439,"Pseudomonas aeruginosa",http://purl.obolibrary.org/obo/NCBITaxon_287,"Pseudomonas aeruginosa",http://purl.obolibrary.org/obo/NCBITaxon_287,,,,,,,,,,,,,,,
http://www.iedb.org/epitope/2281354,"Discontinuous peptide","R457, R530",,,,,,,"Exotoxin A precursor",http://www.ncbi.nlm.nih.gov/protein/P11439.2,"Exotoxin A",http://www.uniprot.org/uniprot/P11439,"Pseudomonas aeruginosa",http://purl.obolibrary.org/obo/NCBITaxon_287,"Pseudomonas aeruginosa",http://purl.obolibrary.org/obo/NCBITaxon_287,,,,,,,,,,,,,,,
http://www.iedb.org/epitope/2281355,"Discontinuous peptide",R483,,,,,,,"Exotoxin A precursor",http://www.ncbi.nlm.nih.gov/protein/P11439.2,"Exotoxin A",http://www.uniprot.org/uniprot/P11439,"Pseudomonas aeruginosa",http://purl.obolibrary.org/obo/NCBITaxon_287,"Pseudomonas aeruginosa",http://purl.obolibrary.org/obo/NCBITaxon_287,,,,,,,,,,,,,,,
http://www.iedb.org/epitope/2281356,"Discontinuous peptide","R492, E573, R576",,,,,,,"Exotoxin A precursor",http://www.ncbi.nlm.nih.gov/protein/P11439.2,"Exotoxin A",http://www.uniprot.org/uniprot/P11439,"Pseudomonas aeruginosa",http://purl.obolibrary.org/obo/NCBITaxon_287,"Pseudomonas aeruginosa",http://purl.obolibrary.org/obo/NCBITaxon_287,,,,,,,,,,,,,,,
http://www.iedb.org/epitope/2281357,"Discontinuous peptide","R492, R576",,,,,,,"Exotoxin A precursor",http://www.ncbi.nlm.nih.gov/protein/P11439.2,"Exotoxin A",http://www.uniprot.org/uniprot/P11439,"Pseudomonas aeruginosa",http://purl.obolibrary.org/obo/NCBITaxon_287,"Pseudomonas aeruginosa",http://purl.obolibrary.org/obo/NCBITaxon_287,,,,,,,,,,,,,,,
http://www.iedb.org/epitope/2281358,"Discontinuous peptide","R492, Y506, D606",,,,,,,"Exotoxin A precursor",http://www.ncbi.nlm.nih.gov/protein/P11439.2,"Exotoxin A",http://www.uniprot.org/uniprot/P11439,"Pseudomonas aeruginosa",http://purl.obolibrary.org/obo/NCBITaxon_287,"Pseudomonas aeruginosa",http://purl.obolibrary.org/obo/NCBITaxon_287,,,,,,,,,,,,,,,
http://www.iedb.org/epitope/2281359,"Discontinuous peptide",R515,,,,,,,"Exotoxin A precursor",http://www.ncbi.nlm.nih.gov/protein/P11439.2,"Exotoxin A",http://www.uniprot.org/uniprot/P11439,"Pseudomonas aeruginosa",http://purl.obolibrary.org/obo/NCBITaxon_287,"Pseudomonas aeruginosa",http://purl.obolibrary.org/obo/NCBITaxon_287,,,,,,,,,,,,,,,
http://www.iedb.org/epitope/2281360,"Discontinuous peptide","R515, R601",,,,,,,"Exotoxin A precursor",http://www.ncbi.nlm.nih.gov/protein/P11439.2,"Exotoxin A",http://www.uniprot.org/uniprot/P11439,"Pseudomonas aeruginosa",http://purl.obolibrary.org/obo/NCBITaxon_287,"Pseudomonas aeruginosa",http://purl.obolibrary.org/obo/NCBITaxon_287,,,,,,,,,,,,,,,
http://www.iedb.org/epitope/2281361,"Discontinuous peptide",R530,,,,,,,"Exotoxin A precursor",http://www.ncbi.nlm.nih.gov/protein/P11439.2,"Exotoxin A",http://www.uniprot.org/uniprot/P11439,"Pseudomonas aeruginosa",http://purl.obolibrary.org/obo/NCBITaxon_287,"Pseudomonas aeruginosa",http://purl.obolibrary.org/obo/NCBITaxon_287,,,,,,,,,,,,,,,
http://www.iedb.org/epitope/2281362,"Discontinuous peptide","R563, R588",,,,,,,"Exotoxin A precursor",http://www.ncbi.nlm.nih.gov/protein/P11439.2,"Exotoxin A",http://www.uniprot.org/uniprot/P11439,"Pseudomonas aeruginosa",http://purl.obolibrary.org/obo/NCBITaxon_287,"Pseudomonas aeruginosa",http://purl.obolibrary.org/obo/NCBITaxon_287,,,,,,,,,,,,,,,
http://www.iedb.org/epitope/2281363,"Discontinuous peptide",R588,,,,,,,"Exotoxin A precursor",http://www.ncbi.nlm.nih.gov/protein/P11439.2,"Exotoxin A",http://www.uniprot.org/uniprot/P11439,"Pseudomonas aeruginosa",http://purl.obolibrary.org/obo/NCBITaxon_287,"Pseudomonas aeruginosa",http://purl.obolibrary.org/obo/NCBITaxon_287,,,,,,,,,,,,,,,
http://www.iedb.org/epitope/2285122,"Discontinuous peptide","E130, E131",,,,,,,"manganese ABC transporter substrate-binding lipoprotein MntC [Staphylococcus aureus]",http://www.ncbi.nlm.nih.gov/protein/XQF50810.1,"ABC transporter, substrate-binding protein, putative",http://www.uniprot.org/uniprot/Q2G2D8,"Staphylococcus aureus subsp. aureus str. Newman",http://purl.obolibrary.org/obo/NCBITaxon_426430,"Staphylococcus aureus",http://purl.obolibrary.org/obo/NCBITaxon_1280,,,,,,,,,,,,,,,
http://www.iedb.org/epitope/2398215,"Discontinuous peptide","Y81, E82, N85, K87, D167, H170, Q171, E173, D202, D206, V208, N211",,,,,,,"Outer membrane porin F precursor",http://www.ncbi.nlm.nih.gov/protein/P13794.1,"Outer membrane porin F",http://www.uniprot.org/uniprot/P13794,"Pseudomonas aeruginosa",http://purl.obolibrary.org/obo/NCBITaxon_287,"Pseudomonas aeruginosa",http://purl.obolibrary.org/obo/NCBITaxon_287,,,,,,,,,,,,,,,
