iedb_id,uniprot_accession,organism,residue_string,residue_set,n_residues
78577,P17835,Bordetella pertussis,"G84, D85, L86, I87, A88, Y89, K90, Q91, T92, Y93,  T144, N145, G146, S147, K148, S149, Y150, T151, L152, R153","[84, 85, 86, 87, 88, 89, 90, 91, 92, 93, 144, 145, 146, 147, 148, 149, 150, 151, 152, 153]",20
80113,P10324,Haemophilus influenzae,"G87, N88, T89, D90, E91, R92, G93, T94, R147, R148","[87, 88, 89, 90, 91, 92, 93, 94, 147, 148]",10
188005,P04977,Bordetella pertussis,"Y8, R9, Y10, D11, S12, R13, E16, R39, R79, T81, H83, Y148, N150, T153","[8, 9, 10, 11, 12, 13, 16, 39, 79, 81, 83, 148, 150, 153]",14
591408,P0DKX7,Bordetella pertussis,"D1161, I1163, R1164, G1165, R1166, D1170, G1174, D1179, D1194, D1199, A1223, P1224, H1225, F1229, V1268, I1270, D1272, G1325, D1330, Q1334","[1161, 1163, 1164, 1165, 1166, 1170, 1174, 1179, 1194, 1199, 1223, 1224, 1225, 1229, 1268, 1270, 1272, 1325, 1330, 1334]",20
591409,P0DKX7,Bordetella pertussis,"W1074, G1080, E1097, E1117, K1118, W1119, P1120, A1121, S1126, H1129, G1168, G1262, G1289, D1294, G1298","[1074, 1080, 1097, 1117, 1118, 1119, 1120, 1121, 1126, 1129, 1168, 1262, 1289, 1294, 1298]",15
1309630,Q79GX8,Bordetella pertussis,"P229, A230, D231, G232, G233, Q234, D235, G236, P237, P238, P239, P240, Q288, L289, P290, E291, R292, G293, D294, D295, A296, G297, P298, K299, P300, E304, G305, G306, D307, E308, G309, P310, Q311, P312","[229, 230, 231, 232, 233, 234, 235, 236, 237, 238, 239, 240, 288, 289, 290, 291, 292, 293, 294, 295, 296, 297, 298, 299, 300, 304, 305, 306, 307, 308, 309, 310, 311, 312]",34
1314096,Q97QP7,Streptococcus pneumoniae,"T925, T926, D927, N959, R960, S961, D962, H992, F993, G994, K995, Y1002, W1004, R1006, G1034, Y1035, H1036, F1054, E1255","[925, 926, 927, 959, 960, 961, 962, 992, 993, 994, 995, 1002, 1004, 1006, 1034, 1035, 1036, 1054, 1255]",19
1596869,A0A0H2UR84,Streptococcus pneumoniae,"P38, K118, K120, K123, K124, E127, A128, E130, I131, L159, E162, A163, N185, D189, L190, K191, K192, A193, G194, K195","[38, 118, 120, 123, 124, 127, 128, 130, 131, 159, 162, 163, 185, 189, 190, 191, 192, 193, 194, 195]",20
1957846,A0A0H2UQH5,Streptococcus pneumoniae,"F122, K126, K128, S130, K131, N132","[122, 126, 128, 130, 131, 132]",6
2257749,P9WGU1,Mycobacterium tuberculosis,"T157, K159, T160, D162, D163, P164, Q165, A167, A168, P171, L175, A179","[157, 159, 160, 162, 163, 164, 165, 167, 168, 171, 175, 179]",12
2257750,P9WGU1,Mycobacterium tuberculosis,"Y108, E111, K148, Q197, S200, K201, P204, E205, F213, S269, S270, G271, S290, K291, P293, A294, A297, I298, S299, D302, G303, P304","[108, 111, 148, 197, 200, 201, 204, 205, 213, 269, 270, 271, 290, 291, 293, 294, 297, 298, 299, 302, 303, 304]",22
2257751,P9WQ35,Mycobacterium tuberculosis,"A282, E285, L286, D288, Q289, H290, R312, D314, D321, D325, N328, V329, Q332, R424, V426","[282, 285, 286, 288, 289, 290, 312, 314, 321, 325, 328, 329, 332, 424, 426]",15
2275971,P04978,Bordetella pertussis,"I32, V33, I34, V59, R63, G64, S65, G66, Q69, D86, Y94, G95, V97, I98, K99, D100","[32, 33, 34, 59, 63, 64, 65, 66, 69, 86, 94, 95, 97, 98, 99, 100]",16
