model,organism,organism_name,group,type,iedb_id,uniprot,residue_string,n_residues_total,n_residues_in_range,fraction_in_range,predicted_hits,recall,precision,hit_abs,hit_rel,hit,threshold,K_abs,P_rel,partially_out_of_range,out_of_range,reason
GraphBepi,ESKAPE,Staphylococcus aureus,bacteria,conformational,77284,Q2FWV3,D109,1,1.0,1.0,1.0,1.0,0.007,False,True,True,0.17,2,0.25,False,False,
GraphBepi,ESKAPE,Staphylococcus aureus,bacteria,conformational,77285,Q2FWV3,E102,1,1.0,1.0,1.0,1.0,0.007,False,True,True,0.17,2,0.25,False,False,
GraphBepi,ESKAPE,Staphylococcus aureus,bacteria,conformational,77286,Q2FWV3,E107,1,1.0,1.0,1.0,1.0,0.007,False,True,True,0.17,2,0.25,False,False,
GraphBepi,ESKAPE,Staphylococcus aureus,bacteria,conformational,77287,Q2FWV3,K101,1,1.0,1.0,1.0,1.0,0.007,False,True,True,0.17,2,0.25,False,False,
GraphBepi,ESKAPE,Staphylococcus aureus,bacteria,conformational,77288,Q2FWV3,"K101, E102, R104",3,3.0,1.0,3.0,1.0,0.022,True,True,True,0.17,2,0.25,False,False,
GraphBepi,ESKAPE,Staphylococcus aureus,bacteria,conformational,77289,Q2FWV3,"K62, K157",2,2.0,1.0,2.0,1.0,0.014,True,True,True,0.17,2,0.25,False,False,
GraphBepi,ESKAPE,Staphylococcus aureus,bacteria,conformational,77290,Q2FWV3,"Y89, W93, K163",3,3.0,1.0,3.0,1.0,0.022,True,True,True,0.17,2,0.25,False,False,
GraphBepi,ESKAPE,Staphylococcus aureus,bacteria,conformational,77471,Q2FZB1,"Y155, H181, Y184",3,3.0,1.0,0.0,0.0,0.0,False,False,False,0.17,2,0.25,False,False,
GraphBepi,ESKAPE,Staphylococcus aureus,bacteria,conformational,77490,Q2G010,"K91, E139, A142, F143, K146, N150, K152, Y175, D177, G178, K179, M180, R187, Q188, H203, H206, K209, E217",18,18.0,1.0,2.0,0.111,0.042,True,False,True,0.17,2,0.25,False,False,
GraphBepi,ESKAPE,Pseudomonas aeruginosa,bacteria,conformational,145037,P11439,"D431, R483",2,2.0,1.0,1.0,0.5,0.014,False,True,True,0.17,2,0.25,False,False,
GraphBepi,ESKAPE,Pseudomonas aeruginosa,bacteria,conformational,145038,P11439,"D488, R492, R563",3,3.0,1.0,1.0,0.333,0.014,False,True,True,0.17,2,0.25,False,False,
GraphBepi,ESKAPE,Pseudomonas aeruginosa,bacteria,conformational,145039,P11439,"E445, D614, K615",3,3.0,1.0,0.0,0.0,0.0,False,False,False,0.17,2,0.25,False,False,
GraphBepi,ESKAPE,Pseudomonas aeruginosa,bacteria,conformational,145040,P11439,"R437, D488, R515, R601, K631",5,5.0,1.0,5.0,1.0,0.069,True,True,True,0.17,2,0.25,False,False,
GraphBepi,ESKAPE,Pseudomonas aeruginosa,bacteria,conformational,145041,P11439,"R452, E456, R457, R538, R588",5,5.0,1.0,0.0,0.0,0.0,False,False,False,0.17,2,0.25,False,False,
GraphBepi,ESKAPE,Pseudomonas aeruginosa,bacteria,conformational,145042,P11439,"R538, E573",2,2.0,1.0,1.0,0.5,0.014,False,True,True,0.17,2,0.25,False,False,
GraphBepi,ESKAPE,Pseudomonas aeruginosa,bacteria,conformational,145043,P11439,"R601, D606, Q617",3,3.0,1.0,2.0,0.667,0.028,True,True,True,0.17,2,0.25,False,False,
GraphBepi,ESKAPE,Pseudomonas aeruginosa,bacteria,conformational,167477,P11439,Q357,1,1.0,1.0,0.0,0.0,0.0,False,False,False,0.17,2,0.25,False,False,
GraphBepi,ESKAPE,Staphylococcus aureus,bacteria,conformational,187209,Q2G1X0,"K56, E57, Q90, Y91, R92, V93, Y94, S95, E96, G98, A105, K231, A233, D234, P239, R279, W300",17,17.0,1.0,2.0,0.118,0.167,True,False,True,0.17,2,0.25,False,False,
GraphBepi,ESKAPE,Staphylococcus aureus,bacteria,conformational,232600,Q2G1X0,"N199, W205, P207, Y208, D209, D211, S212, W213, N214, P215, V216, Y217, R226, T289, N290, K292",16,16.0,1.0,4.0,0.25,0.333,True,True,True,0.17,2,0.25,False,False,
GraphBepi,ESKAPE,Staphylococcus aureus,bacteria,conformational,417982,Q2FXX5,"D32, P33, P35, R162, F164, D166, G167, K168, N169, S172, Y213, K215, I217, K256, E258, Y260, T262",17,13.0,0.765,2.0,0.154,0.023,True,False,True,0.17,2,0.25,True,False,partial_in_range_evaluation
GraphBepi,ESKAPE,Staphylococcus aureus,bacteria,conformational,417983,Q2FXX5,"G150, Q152, L153, D154, K155, Y156, R157, S158, Q176, K180, K253",11,10.0,0.909,1.0,0.1,0.011,False,False,False,0.17,2,0.25,True,False,partial_in_range_evaluation
GraphBepi,ESKAPE,Staphylococcus aureus,bacteria,conformational,417984,Q2FXX5,"Q70, F71, L72, Y73, F74, F95, K96, K98, D99, D102, K103, K105, K107, K125, N245",15,14.0,0.933,7.0,0.5,0.08,True,True,True,0.17,2,0.25,True,False,partial_in_range_evaluation
GraphBepi,ESKAPE,Staphylococcus aureus,bacteria,conformational,417985,Q2FXX5,"T45, G46, L47, E49, N50, V53, D56, D57, N58, L85, G86, N87, N115, Y117, R137, F204, N205",17,17.0,1.0,7.0,0.412,0.08,True,True,True,0.17,2,0.25,False,False,
GraphBepi,ESKAPE,Staphylococcus aureus,bacteria,conformational,548857,Q2FWP0,"N100, Y102, W103, N235, L236, W237, K239, D240, W291, R293, F296",11,11.0,1.0,5.0,0.455,0.5,True,True,True,0.17,2,0.25,False,False,
GraphBepi,ESKAPE,Staphylococcus aureus,bacteria,conformational,561435,Q2G2D8,"E130, E131, G132, N133, K134, D135, K136, Q137, D138, P139, H140, A141, N227, T228, E229, K230, Q231, G232, T233, P234, E235, Q236, M237",23,23.0,1.0,9.0,0.391,0.205,True,True,True,0.17,2,0.25,False,False,
GraphBepi,ESKAPE,Staphylococcus aureus,bacteria,conformational,561436,Q2G2D8,"K245, H251, V254, K260, E264, S267, E268, E269, T270, K271, K272, I274, F275, G276, E277, K289",16,16.0,1.0,5.0,0.312,0.114,True,True,True,0.17,2,0.25,False,False,
GraphBepi,ESKAPE,Staphylococcus aureus,bacteria,conformational,569444,Q2FZF0,"D374, V417, V419, T421, I422",5,5.0,1.0,0.0,0.0,0.0,False,False,False,0.17,2,0.25,False,False,
GraphBepi,ESKAPE,Staphylococcus aureus,bacteria,conformational,569445,Q2FZF0,"D374, V419, T421",3,3.0,1.0,0.0,0.0,0.0,False,False,False,0.17,2,0.25,False,False,
GraphBepi,ESKAPE,Staphylococcus aureus,bacteria,conformational,569446,Q2FZF0,"D374, V419, T421, I422",4,4.0,1.0,0.0,0.0,0.0,False,False,False,0.17,2,0.25,False,False,
GraphBepi,ESKAPE,Staphylococcus aureus,bacteria,conformational,569447,Q2FZF0,"D374, Y375, V417, V419, T421, I422",6,6.0,1.0,0.0,0.0,0.0,False,False,False,0.17,2,0.25,False,False,
GraphBepi,ESKAPE,Staphylococcus aureus,bacteria,conformational,569448,Q2FZF0,"F148, Y149, H150, A152, F226",5,5.0,1.0,0.0,0.0,0.0,False,False,False,0.17,2,0.25,False,False,
GraphBepi,ESKAPE,Staphylococcus aureus,bacteria,conformational,569449,Q2FZF0,"F148, Y149, H150, A152, Y233",5,5.0,1.0,0.0,0.0,0.0,False,False,False,0.17,2,0.25,False,False,
GraphBepi,ESKAPE,Staphylococcus aureus,bacteria,conformational,569450,Q2FZF0,"F350, D374, Y375, V417, V419, T421, I422",7,7.0,1.0,0.0,0.0,0.0,False,False,False,0.17,2,0.25,False,False,
GraphBepi,ESKAPE,Staphylococcus aureus,bacteria,conformational,569451,Q2FZF0,"F350, Y375, V417, V419, T421, I422",6,6.0,1.0,0.0,0.0,0.0,False,False,False,0.17,2,0.25,False,False,
GraphBepi,ESKAPE,Staphylococcus aureus,bacteria,conformational,569452,Q2FZF0,"F350, Y375, V417, V419, T421, I422, Y424",7,7.0,1.0,0.0,0.0,0.0,False,False,False,0.17,2,0.25,False,False,
GraphBepi,ESKAPE,Staphylococcus aureus,bacteria,conformational,569453,Q2FZF0,"K325, M326, T327, D328, L329, Q330, D331, K352, P354, K356, V367, I389, S390, T399",14,14.0,1.0,0.0,0.0,0.0,False,False,False,0.17,2,0.25,False,False,
GraphBepi,ESKAPE,Staphylococcus aureus,bacteria,conformational,569454,Q2FZF0,"M346, M347, T349, F350, N372, D374, Y375, N396, V419, K420, T421, I422, D423, Y424, Y428",15,15.0,1.0,0.0,0.0,0.0,False,False,False,0.17,2,0.25,False,False,
GraphBepi,ESKAPE,Staphylococcus aureus,bacteria,conformational,569455,Q2FZF0,"M346, T349, F350, N372, Y375, N395, V417, V419, K420, T421, I422, D423, Y424, Y428",14,14.0,1.0,0.0,0.0,0.0,False,False,False,0.17,2,0.25,False,False,
GraphBepi,ESKAPE,Staphylococcus aureus,bacteria,conformational,569456,Q2FZF0,"V419, I422",2,2.0,1.0,0.0,0.0,0.0,False,False,False,0.17,2,0.25,False,False,
GraphBepi,ESKAPE,Staphylococcus aureus,bacteria,conformational,569457,Q2FZF0,"V419, K420, T421, I422",4,4.0,1.0,0.0,0.0,0.0,False,False,False,0.17,2,0.25,False,False,
GraphBepi,ESKAPE,Staphylococcus aureus,bacteria,conformational,569458,Q2FZF0,"Y149, H150",2,2.0,1.0,0.0,0.0,0.0,False,False,False,0.17,2,0.25,False,False,
GraphBepi,ESKAPE,Staphylococcus aureus,bacteria,conformational,569459,Q2FZF0,"Y149, H150, A152",3,3.0,1.0,0.0,0.0,0.0,False,False,False,0.17,2,0.25,False,False,
GraphBepi,ESKAPE,Staphylococcus aureus,bacteria,conformational,569460,Q2FZF0,"Y149, H150, F226",3,3.0,1.0,0.0,0.0,0.0,False,False,False,0.17,2,0.25,False,False,
GraphBepi,ESKAPE,Staphylococcus aureus,bacteria,conformational,569461,Q2FZF0,"Y375, V419, T421, I422",4,4.0,1.0,0.0,0.0,0.0,False,False,False,0.17,2,0.25,False,False,
GraphBepi,ESKAPE,Staphylococcus aureus,bacteria,conformational,569462,Q2FZF0,"D159, T161, Q162, F164, Y165, Y167, A168, S169, Q190, S191, F194, T240, H241, F242, N243, E247, Y249",17,17.0,1.0,1.0,0.059,0.5,False,False,False,0.17,2,0.25,False,False,
GraphBepi,ESKAPE,Staphylococcus aureus,bacteria,conformational,569463,Q2FZF0,"T121, Y122, P123, N126, Q127, E131, I133, K134, N135, P136, A137, K139, K141, Y214, T216",15,15.0,1.0,0.0,0.0,0.0,False,False,False,0.17,2,0.25,False,False,
GraphBepi,ESKAPE,Staphylococcus aureus,bacteria,conformational,569464,Q2FZF0,Y165,1,1.0,1.0,0.0,0.0,0.0,False,False,False,0.17,2,0.25,False,False,
GraphBepi,ESKAPE,Staphylococcus aureus,bacteria,conformational,607028,Q2G015,"I408, Q428, Q429, T431, S432, I433, K434, N460, N463, I464, T465, F466, P467, N468, K473, N477, P479, D481, Y510, Y512, W518",21,21.0,1.0,0.0,0.0,0.0,False,False,False,0.17,2,0.25,False,False,
GraphBepi,ESKAPE,Pseudomonas aeruginosa,bacteria,conformational,652901,P11439,"R286, R364",2,2.0,1.0,0.0,0.0,0.0,False,False,False,0.17,2,0.25,False,False,
GraphBepi,ESKAPE,Staphylococcus aureus,bacteria,conformational,688618,Q2G2D8,"K230, Q231, G232, T233, P234, E235, M237, R238, Q239, I241, E242, A262, M263, L266",14,14.0,1.0,8.0,0.571,0.182,True,True,True,0.17,2,0.25,False,False,
GraphBepi,ESKAPE,Staphylococcus aureus,bacteria,conformational,741160,Q2G032,"G272, D276, E277, I278, V279",5,5.0,1.0,1.0,0.2,0.125,False,False,False,0.17,2,0.25,False,False,
GraphBepi,ESKAPE,Pseudomonas aeruginosa,bacteria,conformational,745080,P35818,"A51, H52, W53, T54, I55, N56, L57, Q68, V90, S91, K92, Q94",12,12.0,1.0,0.0,0.0,0.0,False,False,False,0.17,2,0.25,False,False,
GraphBepi,ESKAPE,Staphylococcus aureus,bacteria,conformational,768087,Q2G032,"P236, G240, L242, T243",4,4.0,1.0,0.0,0.0,0.0,False,False,False,0.17,2,0.25,False,False,
GraphBepi,ESKAPE,Pseudomonas aeruginosa,bacteria,conformational,836600,G3XD49,"A158, R159, Q160, G161, R163, D165, D226, E227, P229, F230, E231, K232, D233",13,13.0,1.0,13.0,1.0,0.07,True,True,True,0.17,2,0.25,False,False,
GraphBepi,ESKAPE,Staphylococcus aureus,bacteria,conformational,956770,Q2FXX5,"T45, G46, L47, N50, V53, Y116, Y117, Y142, F204, N205, M242",11,10.0,0.909,4.0,0.4,0.046,True,True,True,0.17,2,0.25,True,False,partial_in_range_evaluation
GraphBepi,ESKAPE,Pseudomonas aeruginosa,bacteria,conformational,957023,Q9I6J0,"Q260, E298, R317, P318, L319, D321, K322, S323, S325, D326, S327, E328, Y331, P332, P333",15,15.0,1.0,10.0,0.667,0.217,True,True,True,0.17,2,0.25,False,False,
GraphBepi,ESKAPE,Staphylococcus aureus,bacteria,conformational,1625332,Q2FWV3,"E107, D109",2,2.0,1.0,2.0,1.0,0.014,True,True,True,0.17,2,0.25,False,False,
GraphBepi,ESKAPE,Staphylococcus aureus,bacteria,conformational,1625333,Q2FWV3,"K62, E65",2,2.0,1.0,2.0,1.0,0.014,True,True,True,0.17,2,0.25,False,False,
GraphBepi,ESKAPE,Staphylococcus aureus,bacteria,conformational,1625334,Q2FWV3,"K62, E65, E107, D109",4,4.0,1.0,4.0,1.0,0.029,True,True,True,0.17,2,0.25,False,False,
GraphBepi,ESKAPE,Staphylococcus aureus,bacteria,conformational,1625335,Q2FWV3,"K62, E65, K101, E102, R104",5,5.0,1.0,5.0,1.0,0.036,True,True,True,0.17,2,0.25,False,False,
GraphBepi,ESKAPE,Staphylococcus aureus,bacteria,conformational,1625336,Q2FWV3,"K62, E65, K101, E107, D109",5,5.0,1.0,5.0,1.0,0.036,True,True,True,0.17,2,0.25,False,False,
GraphBepi,ESKAPE,Staphylococcus aureus,bacteria,conformational,2000952,Q2G0A2,"G20, I23, L26, P27, K31, D32, T36, G37, S38, V44, N137, F140, I141, P144, E222, T223, S226, L227, D231, P237, I244, D307",22,22.0,1.0,3.0,0.136,0.086,True,False,True,0.17,2,0.25,False,False,
GraphBepi,ESKAPE,Staphylococcus aureus,bacteria,conformational,2000953,Q2G0A2,"I19, I23, P27, V28, K31, D32, T36, G37, S38, L40, G41, V44, R98, N137, F140, I141, P144, A151, S219, E222, T223, L224, S226, L227, A230, D231, N234, Y235, P237, I244, G248, F303, D307, R310, N340, F341, P344, L345, G348, A349, D352, V353",42,42.0,1.0,4.0,0.095,0.114,True,False,True,0.17,2,0.25,False,False,
GraphBepi,ESKAPE,Staphylococcus aureus,bacteria,conformational,2060773,Q2FZF0,"M362, T365, F366, T387, N388, D389, D390, Y391, K410, N411, N412, V433, V435, K436, T437, I438, D439, Y440, Y444",19,19.0,1.0,0.0,0.0,0.0,False,False,False,0.17,2,0.25,False,False,
GraphBepi,ESKAPE,Staphylococcus aureus,bacteria,conformational,2060774,Q2FZF0,"Q324, V325, K326, S327, A328, I329, T330, E331, F332, M396, V397, E398, G399, Q400, R401, V402, R403",17,17.0,1.0,0.0,0.0,0.0,False,False,False,0.17,2,0.25,False,False,
GraphBepi,ESKAPE,Staphylococcus aureus,bacteria,conformational,2073840,Q2G1K8,A144,1,1.0,1.0,0.0,0.0,0.0,False,False,False,0.17,2,0.25,False,False,
GraphBepi,ESKAPE,Staphylococcus aureus,bacteria,conformational,2073842,Q2G1K8,D161,1,1.0,1.0,1.0,1.0,0.011,False,True,True,0.17,2,0.25,False,False,
GraphBepi,ESKAPE,Staphylococcus aureus,bacteria,conformational,2073843,Q2G1K8,D270,1,0.0,0.0,,,,,,,0.17,2,0.25,False,True,"all_true_residues_out_of_range(max_true=270,pred_len=222)"
GraphBepi,ESKAPE,Staphylococcus aureus,bacteria,conformational,2073844,Q2G1K8,D309,1,0.0,0.0,,,,,,,0.17,2,0.25,False,True,"all_true_residues_out_of_range(max_true=309,pred_len=222)"
GraphBepi,ESKAPE,Staphylococcus aureus,bacteria,conformational,2073845,Q2G1K8,D79,1,1.0,1.0,1.0,1.0,0.011,False,True,True,0.17,2,0.25,False,False,
GraphBepi,ESKAPE,Staphylococcus aureus,bacteria,conformational,2073846,Q2G1K8,E146,1,1.0,1.0,0.0,0.0,0.0,False,False,False,0.17,2,0.25,False,False,
GraphBepi,ESKAPE,Staphylococcus aureus,bacteria,conformational,2073847,Q2G1K8,E147,1,1.0,1.0,1.0,1.0,0.011,False,True,True,0.17,2,0.25,False,False,
GraphBepi,ESKAPE,Staphylococcus aureus,bacteria,conformational,2073848,Q2G1K8,E271,1,0.0,0.0,,,,,,,0.17,2,0.25,False,True,"all_true_residues_out_of_range(max_true=271,pred_len=222)"
GraphBepi,ESKAPE,Staphylococcus aureus,bacteria,conformational,2073849,Q2G1K8,E273,1,0.0,0.0,,,,,,,0.17,2,0.25,False,True,"all_true_residues_out_of_range(max_true=273,pred_len=222)"
GraphBepi,ESKAPE,Staphylococcus aureus,bacteria,conformational,2073852,Q2G1K8,G162,1,1.0,1.0,1.0,1.0,0.011,False,True,True,0.17,2,0.25,False,False,
GraphBepi,ESKAPE,Staphylococcus aureus,bacteria,conformational,2073853,Q2G1K8,N272,1,0.0,0.0,,,,,,,0.17,2,0.25,False,True,"all_true_residues_out_of_range(max_true=272,pred_len=222)"
GraphBepi,ESKAPE,Staphylococcus aureus,bacteria,conformational,2073854,Q2G1K8,P294,1,0.0,0.0,,,,,,,0.17,2,0.25,False,True,"all_true_residues_out_of_range(max_true=294,pred_len=222)"
GraphBepi,ESKAPE,Staphylococcus aureus,bacteria,conformational,2073855,Q2G1K8,P321,1,0.0,0.0,,,,,,,0.17,2,0.25,False,True,"all_true_residues_out_of_range(max_true=321,pred_len=222)"
GraphBepi,ESKAPE,Staphylococcus aureus,bacteria,conformational,2073856,Q2G1K8,R338,1,0.0,0.0,,,,,,,0.17,2,0.25,False,True,"all_true_residues_out_of_range(max_true=338,pred_len=222)"
GraphBepi,ESKAPE,Staphylococcus aureus,bacteria,conformational,2073857,Q2G1K8,T295,1,0.0,0.0,,,,,,,0.17,2,0.25,False,True,"all_true_residues_out_of_range(max_true=295,pred_len=222)"
GraphBepi,ESKAPE,Staphylococcus aureus,bacteria,conformational,2073858,Q2G1K8,T369,1,0.0,0.0,,,,,,,0.17,2,0.25,False,True,"all_true_residues_out_of_range(max_true=369,pred_len=222)"
GraphBepi,ESKAPE,Pseudomonas aeruginosa,bacteria,conformational,2253157,G3XD49,"D165, A166, D199, T200, F201, S202, K208, S212, G223, D226",10,10.0,1.0,10.0,1.0,0.053,True,True,True,0.17,2,0.25,False,False,
GraphBepi,ESKAPE,Pseudomonas aeruginosa,bacteria,conformational,2253158,G3XD49,"K225, K232, D233, N234, N235, N239, T242, D246",8,8.0,1.0,8.0,1.0,0.043,True,True,True,0.17,2,0.25,False,False,
GraphBepi,ESKAPE,Staphylococcus aureus,bacteria,conformational,2271007,Q2FXX5,"K155, S158, I159, T160, R162, F164, K168, N169, L170, L171, S172, F173, D174, Y194, K199, S252, K253, D254, V255, K256",20,15.0,0.75,3.0,0.2,0.034,True,False,True,0.17,2,0.25,True,False,partial_in_range_evaluation
GraphBepi,ESKAPE,Staphylococcus aureus,bacteria,conformational,2271008,Q2FXX5,"L47, E49, N50, K52, V53, D56, N58, N115, Y117, Y118, D135, K136, F204, Q237",14,13.0,0.929,4.0,0.308,0.046,True,True,True,0.17,2,0.25,True,False,partial_in_range_evaluation
GraphBepi,ESKAPE,Staphylococcus aureus,bacteria,conformational,2271009,Q2FXX5,"L47, E49, N50, V53, K84, L85, N87, Y117, Y118, F204, F235",11,10.0,0.909,3.0,0.3,0.034,True,True,True,0.17,2,0.25,True,False,partial_in_range_evaluation
GraphBepi,ESKAPE,Staphylococcus aureus,bacteria,conformational,2271010,Q2FXX5,"L47, E49, N50, V53, N58, N115, Y117, Y118, F204, F235, Q237",11,9.0,0.818,2.0,0.222,0.023,True,False,True,0.17,2,0.25,True,False,partial_in_range_evaluation
GraphBepi,ESKAPE,Staphylococcus aureus,bacteria,conformational,2271011,Q2FXX5,"T45, L47, E49, N50, V53, N58, N115, Y117, Y118, T134, K136, F204, N205, Q237",14,13.0,0.929,4.0,0.308,0.046,True,True,True,0.17,2,0.25,True,False,partial_in_range_evaluation
GraphBepi,ESKAPE,Staphylococcus aureus,bacteria,conformational,2281124,Q2G015,"V408, L409, A411, T413, K473, D479, D480, D481, Q482, Y510, Y512, S514, N515, F516, I517, W518",16,16.0,1.0,0.0,0.0,0.0,False,False,False,0.17,2,0.25,False,False,
GraphBepi,ESKAPE,Pseudomonas aeruginosa,bacteria,conformational,2281344,P11439,"D428, E445, R452",3,3.0,1.0,1.0,0.333,0.014,False,True,True,0.17,2,0.25,False,False,
GraphBepi,ESKAPE,Pseudomonas aeruginosa,bacteria,conformational,2281345,P11439,"D428, R452",2,2.0,1.0,1.0,0.5,0.014,False,True,True,0.17,2,0.25,False,False,
GraphBepi,ESKAPE,Pseudomonas aeruginosa,bacteria,conformational,2281346,P11439,"D428, R452, E456",3,3.0,1.0,1.0,0.333,0.014,False,True,True,0.17,2,0.25,False,False,
GraphBepi,ESKAPE,Pseudomonas aeruginosa,bacteria,conformational,2281347,P11439,"D431, R457,R492, R515, R538, E573, K615, Q617",8,8.0,1.0,3.0,0.375,0.042,True,True,True,0.17,2,0.25,False,False,
GraphBepi,ESKAPE,Pseudomonas aeruginosa,bacteria,conformational,2281348,P11439,"D486, R492",2,2.0,1.0,1.0,0.5,0.014,False,True,True,0.17,2,0.25,False,False,
GraphBepi,ESKAPE,Pseudomonas aeruginosa,bacteria,conformational,2281349,P11439,D488,1,1.0,1.0,1.0,1.0,0.014,False,True,True,0.17,2,0.25,False,False,
GraphBepi,ESKAPE,Pseudomonas aeruginosa,bacteria,conformational,2281350,P11439,"D488, R492",2,2.0,1.0,1.0,0.5,0.014,False,True,True,0.17,2,0.25,False,False,
GraphBepi,ESKAPE,Pseudomonas aeruginosa,bacteria,conformational,2281351,P11439,"D488, R492, L541",3,3.0,1.0,1.0,0.333,0.014,False,True,True,0.17,2,0.25,False,False,
GraphBepi,ESKAPE,Pseudomonas aeruginosa,bacteria,conformational,2281352,P11439,"D488, R492, Y506, E547",4,4.0,1.0,2.0,0.5,0.028,True,True,True,0.17,2,0.25,False,False,
GraphBepi,ESKAPE,Pseudomonas aeruginosa,bacteria,conformational,2281353,P11439,"R452, R483, D488, R492, R515, R530, R563",7,7.0,1.0,2.0,0.286,0.028,True,True,True,0.17,2,0.25,False,False,
GraphBepi,ESKAPE,Pseudomonas aeruginosa,bacteria,conformational,2281354,P11439,"R457, R530",2,2.0,1.0,0.0,0.0,0.0,False,False,False,0.17,2,0.25,False,False,
GraphBepi,ESKAPE,Pseudomonas aeruginosa,bacteria,conformational,2281355,P11439,R483,1,1.0,1.0,0.0,0.0,0.0,False,False,False,0.17,2,0.25,False,False,
GraphBepi,ESKAPE,Pseudomonas aeruginosa,bacteria,conformational,2281356,P11439,"R492, E573, R576",3,3.0,1.0,2.0,0.667,0.028,True,True,True,0.17,2,0.25,False,False,
GraphBepi,ESKAPE,Pseudomonas aeruginosa,bacteria,conformational,2281357,P11439,"R492, R576",2,2.0,1.0,1.0,0.5,0.014,False,True,True,0.17,2,0.25,False,False,
GraphBepi,ESKAPE,Pseudomonas aeruginosa,bacteria,conformational,2281358,P11439,"R492, Y506, D606",3,3.0,1.0,1.0,0.333,0.014,False,True,True,0.17,2,0.25,False,False,
GraphBepi,ESKAPE,Pseudomonas aeruginosa,bacteria,conformational,2281359,P11439,R515,1,1.0,1.0,1.0,1.0,0.014,False,True,True,0.17,2,0.25,False,False,
GraphBepi,ESKAPE,Pseudomonas aeruginosa,bacteria,conformational,2281360,P11439,"R515, R601",2,2.0,1.0,2.0,1.0,0.028,True,True,True,0.17,2,0.25,False,False,
GraphBepi,ESKAPE,Pseudomonas aeruginosa,bacteria,conformational,2281361,P11439,R530,1,1.0,1.0,0.0,0.0,0.0,False,False,False,0.17,2,0.25,False,False,
GraphBepi,ESKAPE,Pseudomonas aeruginosa,bacteria,conformational,2281362,P11439,"R563, R588",2,2.0,1.0,0.0,0.0,0.0,False,False,False,0.17,2,0.25,False,False,
GraphBepi,ESKAPE,Pseudomonas aeruginosa,bacteria,conformational,2281363,P11439,R588,1,1.0,1.0,0.0,0.0,0.0,False,False,False,0.17,2,0.25,False,False,
GraphBepi,ESKAPE,Staphylococcus aureus,bacteria,conformational,2285122,Q2G2D8,"E130, E131",2,2.0,1.0,2.0,1.0,0.045,True,True,True,0.17,2,0.25,False,False,
GraphBepi,ESKAPE,Pseudomonas aeruginosa,bacteria,conformational,2398215,P13794,"Y81, E82, N85, K87, D167, H170, Q171, E173, D202, D206, V208, N211",12,12.0,1.0,7.0,0.583,0.179,True,True,True,0.17,2,0.25,False,False,
GraphBepi,GAST,Vibrio cholerae,bacteria,conformational,77003,P01556,A10,1,1.0,1.0,0.0,0.0,0.0,False,False,False,0.17,2,0.25,False,False,
GraphBepi,GAST,Vibrio cholerae,bacteria,conformational,77004,P01556,"A10, A46",2,2.0,1.0,1.0,0.5,0.014,False,True,True,0.17,2,0.25,False,False,
GraphBepi,GAST,Vibrio cholerae,bacteria,conformational,77005,P01556,"A10, A46, A95",3,3.0,1.0,2.0,0.667,0.028,True,True,True,0.17,2,0.25,False,False,
GraphBepi,GAST,Vibrio cholerae,bacteria,conformational,77006,P01556,"A10, A46, E51, K91",4,4.0,1.0,3.0,0.75,0.042,True,True,True,0.17,2,0.25,False,False,
GraphBepi,GAST,Vibrio cholerae,bacteria,conformational,77007,P01556,"A10, E11, Y12, G33, K34, R35, E36, E51, W88, A95",10,10.0,1.0,7.0,0.7,0.097,True,True,True,0.17,2,0.25,False,False,
GraphBepi,GAST,Vibrio cholerae,bacteria,conformational,77008,P01556,"A10, Y12, G33, K34, R35, E36, E51, W88, K91, A95",10,10.0,1.0,8.0,0.8,0.111,True,True,True,0.17,2,0.25,False,False,
GraphBepi,GAST,Vibrio cholerae,bacteria,conformational,77009,P01556,A46,1,1.0,1.0,1.0,1.0,0.014,False,True,True,0.17,2,0.25,False,False,
GraphBepi,GAST,Vibrio cholerae,bacteria,conformational,77159,P01556,"H57, I58, D59, K62, K63, A64",6,6.0,1.0,4.0,0.667,0.056,True,True,True,0.17,2,0.25,False,False,
GraphBepi,GAST,Salmonella enterica,bacteria,conformational,77478,A0A0H3NJI9,"D46, D361, Y231, K355",4,4.0,1.0,0.0,0.0,0.0,False,False,False,0.17,2,0.25,False,False,
GraphBepi,GAST,Salmonella enterica,bacteria,conformational,77479,A0A0H3NJI9,"D46, Y231, K173",3,3.0,1.0,0.0,0.0,0.0,False,False,False,0.17,2,0.25,False,False,
GraphBepi,GAST,Vibrio cholerae,bacteria,conformational,606211,Q9KMA6,"I10, E12, K13, Y14, E17, Y18, I66, T80, I81, Y82, E86, M87, Q97, L98, F101",15,15.0,1.0,14.0,0.933,0.13,True,True,True,0.17,2,0.25,False,False,
GraphBepi,GAST,Vibrio cholerae,bacteria,conformational,606212,Q9KMA6,"M1, K2, S3, V4, F5, V6, E7, E12, R15, D21, Y24, R25, L26, Q28, A29, M32, L33, R75",18,18.0,1.0,18.0,1.0,0.167,True,True,True,0.17,2,0.25,False,False,
GraphBepi,GAST,Vibrio cholerae,bacteria,conformational,606213,Q9KMA6,"S8, T9, I10, E12, K13, Y14, Y18, L79, T80, I81, Y82, N85, E86, M87, S88, L90, N93, Q94, Q97, L98, F101, A104, E108",23,23.0,1.0,23.0,1.0,0.213,True,True,True,0.17,2,0.25,False,False,
GraphBepi,GAST,Salmonella enterica,bacteria,conformational,607156,A0A0H3NFG2,"Y54, S55, Q56, E57, S59, V60, L61, S145, A150, D152, S153, Q154, N212, Q219",14,14.0,1.0,1.0,0.071,0.037,False,False,False,0.17,2,0.25,False,False,
GraphBepi,GAST,Shigella flexneri,bacteria,conformational,1347678,P18013,"L171, I178, P180, G181, V188, N273, A274, Y276, Q277, A278, W279, N280, A281",13,13.0,1.0,10.0,0.769,0.052,True,True,True,0.17,2,0.25,False,False,
GraphBepi,GAST,Vibrio cholerae,bacteria,conformational,2224241,Q57193,A67,1,1.0,1.0,1.0,1.0,0.014,False,True,True,0.17,2,0.25,False,False,
GraphBepi,GAST,Vibrio cholerae,bacteria,conformational,2224242,Q57193,"V73, P74, G75, Q77, H78, D80",6,6.0,1.0,6.0,1.0,0.087,True,True,True,0.17,2,0.25,False,False,
GraphBepi,GAST,Salmonella enterica,bacteria,conformational,2265525,A0A0H3N8Z2,"E24, I47, D48, K74, Q75, S76, I77, Q104, K105, N106, I107, W108, T109, Y110, P111",15,15.0,1.0,0.0,0.0,0.0,False,False,False,0.17,2,0.25,False,False,
GraphBepi,GAST,Salmonella enterica,bacteria,conformational,2265526,A0A0H3N8Z2,"Y33, Y34, S35, D36, K59, N61, G62, S63, G64, C128, S129, A130, T131, Q132",14,14.0,1.0,0.0,0.0,0.0,False,False,False,0.17,2,0.25,False,False,
GraphBepi,GAST,Vibrio cholerae,bacteria,conformational,2394733,Q9KRU4,"I38, G41, G42, V43, S44, A45, I46, M48, A49, S52, I53, D121, E190, Q278, V279, N282, L346, Y347, T348, E349, N350",21,21.0,1.0,2.0,0.095,0.08,True,False,True,0.17,2,0.25,False,False,
GraphBepi,INTRA,Listeria monocytogenes,bacteria,conformational,780393,P0DQD2,"I82, N84, K102, F104, N106, W124, F126, S168, Y170, D189, T190, E194, Q211, N212, Y214, D233, V234, E236, F238, K306",20,20.0,1.0,18.0,0.9,0.209,True,True,True,0.17,2,0.25,False,False,
GraphBepi,INTRA,Listeria monocytogenes,bacteria,conformational,969171,P0DQD2,"Q80, I82, N84, K102, F104, W124, F126, S168, Y170, D189, T190, E194, N212, Y214, D233, V234, E236, F238",18,18.0,1.0,16.0,0.889,0.186,True,True,True,0.17,2,0.25,False,False,
GraphBepi,INTRA,Listeria monocytogenes,bacteria,conformational,2238535,P0DJM0,"N151, S173, S216, N238, N259, G260, N282, A304, N305, E326, Y347, F348, F367, Y369, W387, S389, Q409, L410, G411, N413, D414, T485, S487",23,23.0,1.0,4.0,0.174,0.073,True,False,True,0.17,2,0.25,False,False,
GraphBepi,INTRA,Listeria monocytogenes,bacteria,conformational,2238536,P0DJM0,"N238, N239, N259, G260, N261, Q262, A281, N282, A304, Q306, E323, N325, E326, Q328, Y347, F348, N349, N350, F367, Y369, N370, W387, S389, H392, D414, Q415, A416, T472, G488, T489",30,30.0,1.0,4.0,0.133,0.073,True,False,True,0.17,2,0.25,False,False,
GraphBepi,RESP,Bordetella pertussis,bacteria,conformational,78577,P17835,"G84, D85, L86, I87, A88, Y89, K90, Q91, T92, Y93,  T144, N145, G146, S147, K148, S149, Y150, T151, L152, R153",20,20.0,1.0,0.0,0.0,0.0,False,False,False,0.17,2,0.25,False,False,
GraphBepi,RESP,Haemophilus influenzae,bacteria,conformational,80113,P10324,"G87, N88, T89, D90, E91, R92, G93, T94, R147, R148",10,10.0,1.0,4.0,0.4,0.067,True,True,True,0.17,2,0.25,False,False,
GraphBepi,RESP,Bordetella pertussis,bacteria,conformational,188005,P04977,"Y8, R9, Y10, D11, S12, R13, E16, R39, R79, T81, H83, Y148, N150, T153",14,14.0,1.0,1.0,0.071,0.027,False,False,False,0.17,2,0.25,False,False,
GraphBepi,RESP,Bordetella pertussis,bacteria,conformational,591408,P0DKX7,"D1161, I1163, R1164, G1165, R1166, D1170, G1174, D1179, D1194, D1199, A1223, P1224, H1225, F1229, V1268, I1270, D1272, G1325, D1330, Q1334",20,,,,,,,,,0.17,2,0.25,,True,missing_prediction_for_protein
GraphBepi,RESP,Bordetella pertussis,bacteria,conformational,591409,P0DKX7,"W1074, G1080, E1097, E1117, K1118, W1119, P1120, A1121, S1126, H1129, G1168, G1262, G1289, D1294, G1298",15,,,,,,,,,0.17,2,0.25,,True,missing_prediction_for_protein
GraphBepi,RESP,Bordetella pertussis,bacteria,conformational,1309630,Q79GX8,"P229, A230, D231, G232, G233, Q234, D235, G236, P237, P238, P239, P240, Q288, L289, P290, E291, R292, G293, D294, D295, A296, G297, P298, K299, P300, E304, G305, G306, D307, E308, G309, P310, Q311, P312",34,34.0,1.0,0.0,0.0,0.0,False,False,False,0.17,2,0.25,False,False,
GraphBepi,RESP,Streptococcus pneumoniae,bacteria,conformational,1314096,Q97QP7,"T925, T926, D927, N959, R960, S961, D962, H992, F993, G994, K995, Y1002, W1004, R1006, G1034, Y1035, H1036, F1054, E1255",19,,,,,,,,,0.17,2,0.25,,True,missing_prediction_for_protein
GraphBepi,RESP,Streptococcus pneumoniae,bacteria,conformational,1596869,A0A0H2UR84,"P38, K118, K120, K123, K124, E127, A128, E130, I131, L159, E162, A163, N185, D189, L190, K191, K192, A193, G194, K195",20,20.0,1.0,2.0,0.1,0.049,True,False,True,0.17,2,0.25,False,False,
GraphBepi,RESP,Streptococcus pneumoniae,bacteria,conformational,1957846,A0A0H2UQH5,"F122, K126, K128, S130, K131, N132",6,6.0,1.0,0.0,0.0,0.0,False,False,False,0.17,2,0.25,False,False,
GraphBepi,RESP,Mycobacterium tuberculosis,bacteria,conformational,2257749,P9WGU1,"T157, K159, T160, D162, D163, P164, Q165, A167, A168, P171, L175, A179",12,12.0,1.0,5.0,0.417,0.093,True,True,True,0.17,2,0.25,False,False,
GraphBepi,RESP,Mycobacterium tuberculosis,bacteria,conformational,2257750,P9WGU1,"Y108, E111, K148, Q197, S200, K201, P204, E205, F213, S269, S270, G271, S290, K291, P293, A294, A297, I298, S299, D302, G303, P304",22,22.0,1.0,6.0,0.273,0.111,True,True,True,0.17,2,0.25,False,False,
GraphBepi,RESP,Mycobacterium tuberculosis,bacteria,conformational,2257751,P9WQ35,"A282, E285, L286, D288, Q289, H290, R312, D314, D321, D325, N328, V329, Q332, R424, V426",15,15.0,1.0,2.0,0.133,0.032,True,False,True,0.17,2,0.25,False,False,
GraphBepi,RESP,Bordetella pertussis,bacteria,conformational,2275971,P04978,"I32, V33, I34, V59, R63, G64, S65, G66, Q69, D86, Y94, G95, V97, I98, K99, D100",16,16.0,1.0,8.0,0.5,0.082,True,True,True,0.17,2,0.25,False,False,
