uniprot,protein_family,subcellular_raw,pfam,go,keywords
A0A0H2UN40,,,PF00746;PF11966;PF04650;,,Cell wall;Membrane;Peptidoglycan-anchor;Reference proteome;Secreted;Signal;Transmembrane;Transmembrane helix
A0A0H2UNY9,,,,,Reference proteome
A0A0H2UPR0,,,PF04270;,,Reference proteome
A0A0H2UQ39,,,PF04270;,,Reference proteome
A0A0H2UQH5,EamA transporter family,SUBCELLULAR LOCATION: Endomembrane system {ECO:0000256|ARBA:ARBA00004127}; Multi-pass membrane protein {ECO:0000256|ARBA:ARBA00004127}.,PF00892;,GO:0012505; GO:0016020,3D-structure;Membrane;Reference proteome;Transmembrane;Transmembrane helix
A0A0H2UR84,ABC transporter superfamily,,PF00005;,GO:0005524; GO:0016887,ATP-binding;Nucleotide-binding;Reference proteome;Transport
A0A0H2US36,,,PF05257;PF19127;PF08460;,GO:0008745,Reference proteome;Repeat
A0A0H2US50,,,PF01473;PF19127;PF05062;PF04650;,,3D-structure;Reference proteome;Repeat;Signal
A0A0H3AUZ3,Omp25/RopB family,SUBCELLULAR LOCATION: Cell outer membrane {ECO:0000256|ARBA:ARBA00004442}.,PF13505;,GO:0009279,Cell outer membrane;Membrane;Reference proteome;Signal;Transmembrane;Transmembrane beta strand
A0A0H3GGM3,"Peptidase M24B family, Bacterial-type prolidase subfamily",,PF21216;PF00557;,GO:0004177; GO:0005829; GO:0006508; GO:0008235; GO:0016795; GO:0046872; GO:0102009,Dipeptidase;Hydrolase;Manganese;Metal-binding;Metalloprotease;Protease;Reference proteome
A0A0H3GIG3,"Bacterial secretin family, GSP D subfamily","SUBCELLULAR LOCATION: Cell outer membrane {ECO:0000256|ARBA:ARBA00004442, ECO:0000256|RuleBase:RU004004}.",PF00263;PF03958;PF21305;,GO:0009279; GO:0015627; GO:0015628; GO:0042802,3D-structure;Cell outer membrane;Membrane;Protein transport;Reference proteome;Signal;Transmembrane;Transmembrane beta strand;Transport
A0A0H3GK81,Beta-lactamase family,,PF00144;,GO:0004180,Carboxypeptidase;Hydrolase;Protease;Reference proteome;Signal
A0A0H3GKL7,Monovalent cation:proton antiporter 2 (CPA2) transporter (TC 2.A.37) family,SUBCELLULAR LOCATION: Membrane {ECO:0000256|ARBA:ARBA00004141}; Multi-pass membrane protein {ECO:0000256|ARBA:ARBA00004141}.,PF00999;PF02254;,GO:0006813; GO:0008324; GO:0015297; GO:0016020; GO:1902600,Antiport;Cell inner membrane;Cell membrane;Ion transport;Membrane;Reference proteome;Transmembrane;Transmembrane helix;Transport
A0A0H3GN17,Class-A beta-lactamase family,,PF13354;,GO:0008800; GO:0030655; GO:0046677,Antibiotic resistance;Disulfide bond;Hydrolase;Reference proteome;Signal
A0A0H3GNG3,Nucleoside-specific channel-forming outer membrane porin (Tsx) (TC 1.B.10) family,SUBCELLULAR LOCATION: Cell outer membrane {ECO:0000256|ARBA:ARBA00004571}; Multi-pass membrane protein {ECO:0000256|ARBA:ARBA00004571}.,PF03502;,GO:0005337; GO:0009279,Cell outer membrane;Membrane;Receptor;Reference proteome;Signal
A0A0H3GP64,,SUBCELLULAR LOCATION: Cell inner membrane {ECO:0000256|ARBA:ARBA00004429}; Multi-pass membrane protein {ECO:0000256|ARBA:ARBA00004429}.,PF01957;,GO:0005886,Cell inner membrane;Cell membrane;Membrane;Reference proteome;Transmembrane;Transmembrane helix
A0A0H3GQ86,,,PF00005;,GO:0005524; GO:0016887,ATP-binding;Nucleotide-binding;Reference proteome
A0A0H3GSS7,,,PF00419;,GO:0009289; GO:0043709,Reference proteome;Signal
A0A0H3GWX4,L-fucose isomerase family,"SUBCELLULAR LOCATION: Cytoplasm {ECO:0000256|ARBA:ARBA00004496, ECO:0000256|HAMAP-Rule:MF_01254}.",PF02952;PF07881;PF07882;,GO:0005737; GO:0008736; GO:0008790; GO:0019571; GO:0030145; GO:0042355,Carbohydrate metabolism;Cytoplasm;Fucose metabolism;Isomerase;Manganese;Metal-binding;Reference proteome
A0A0H3GX94,,SUBCELLULAR LOCATION: Cell membrane {ECO:0000256|ARBA:ARBA00004651}; Multi-pass membrane protein {ECO:0000256|ARBA:ARBA00004651}.,PF07690;,GO:0005886; GO:0022857,Cell membrane;Membrane;Reference proteome;Transmembrane;Transmembrane helix
A0A0H3N8Z2,Asparagine synthetase family,,PF00733;PF13537;,GO:0004066; GO:0005524; GO:0005829; GO:0070981,Amino-acid biosynthesis;Asparagine biosynthesis;ATP-binding;Glutamine amidotransferase;Ligase;Nucleotide-binding;Reference proteome
A0A0H3NA87,Flagella basal body rod proteins family,"SUBCELLULAR LOCATION: Bacterial flagellum {ECO:0000256|ARBA:ARBA00004365, ECO:0000256|RuleBase:RU362065}. Secreted {ECO:0000256|ARBA:ARBA00004613, ECO:0000256|RuleBase:RU362065}.",PF00460;PF06429;PF21158;PF22638;,GO:0005198; GO:0005576; GO:0009424; GO:0044780,Bacterial flagellum;Cell projection;Cilium;Flagellum;Reference proteome;Secreted
A0A0H3NBQ0,Gram-negative porin family,SUBCELLULAR LOCATION: Cell outer membrane {ECO:0000269|PubMed:2543631}; Multi-pass membrane protein {ECO:0000305}.,PF00267;,GO:0009279; GO:0015288; GO:0034220; GO:0046930,Cell outer membrane;Ion transport;Membrane;Porin;Reference proteome;Signal;Transmembrane;Transmembrane beta strand;Transport
A0A0H3NCG3,Heat shock protein 70 family,,PF00012;,GO:0005524; GO:0006457; GO:0016887; GO:0051082; GO:0051087,ATP-binding;Chaperone;Nucleotide-binding;Phosphoprotein;Reference proteome;Stress response
A0A0H3NFG2,Sodium:solute symporter (SSF) (TC 2.A.21) family,SUBCELLULAR LOCATION: Cell membrane {ECO:0000256|ARBA:ARBA00004651}; Multi-pass membrane protein {ECO:0000256|ARBA:ARBA00004651}.,PF00474;,GO:0005886; GO:0006814; GO:0015293,Cell membrane;Ion transport;Membrane;Reference proteome;Sodium;Sodium transport;Transmembrane;Transmembrane helix;Transport
A0A0H3NG19,"Type II topoisomerase GyrA/ParC subunit family, ParC type 1 subfamily",SUBCELLULAR LOCATION: Cell membrane {ECO:0000256|HAMAP-Rule:MF_00936}; Peripheral membrane protein {ECO:0000256|HAMAP-Rule:MF_00936}.,PF03989;PF00521;,GO:0003677; GO:0003918; GO:0005524; GO:0005694; GO:0005737; GO:0006265; GO:0007059; GO:0009330; GO:0019897,Cell membrane;Coiled coil;DNA-binding;Isomerase;Membrane;Reference proteome;Topoisomerase
A0A0H3NJI9,Gram-negative porin family,SUBCELLULAR LOCATION: Cell outer membrane {ECO:0000269|PubMed:2543631}; Multi-pass membrane protein {ECO:0000250|UniProtKB:P06996}.,PF00267;,GO:0009279; GO:0015288; GO:0034220; GO:0046930,Cell outer membrane;Host-virus interaction;Ion transport;Membrane;Porin;Reference proteome;Signal;Stress response;Transmembrane;Transmembrane beta strand;Transport
A0A0H3NKE0,,SUBCELLULAR LOCATION: Membrane {ECO:0000256|ARBA:ARBA00004141}; Multi-pass membrane protein {ECO:0000256|ARBA:ARBA00004141}.,PF06316;,GO:0016020; GO:0044384,Membrane;Reference proteome;Signal;Transmembrane;Transmembrane beta strand
A0A0H3NMJ6,Bacterial flagellin family,SUBCELLULAR LOCATION: Secreted {ECO:0000256|RuleBase:RU362073}. Bacterial flagellum {ECO:0000256|RuleBase:RU362073}.,PF00700;PF08884;PF00669;PF21504;,GO:0005198; GO:0005576; GO:0009288,Bacterial flagellum;Cell projection;Cilium;Flagellum;Reference proteome;Secreted
A0A0H3NVD8,,SUBCELLULAR LOCATION: Cell inner membrane {ECO:0000256|ARBA:ARBA00004417}; Peripheral membrane protein {ECO:0000256|ARBA:ARBA00004417}.,PF00005;PF08402;,GO:0005524; GO:0015423; GO:0016887; GO:0055052; GO:1990060,ATP-binding;Cell inner membrane;Cell membrane;Membrane;Nucleotide-binding;Reference proteome;Sugar transport;Translocase;Transport
A0A0H3NWJ3,TraA family,SUBCELLULAR LOCATION: Cell inner membrane {ECO:0000256|ARBA:ARBA00004429}; Multi-pass membrane protein {ECO:0000256|ARBA:ARBA00004429}. Secreted {ECO:0000256|ARBA:ARBA00004613}.,PF05513;,GO:0005576; GO:0005886,Cell inner membrane;Cell membrane;Conjugation;Membrane;Plasmid;Reference proteome;Secreted;Transmembrane;Transmembrane helix
A0A2S4MYF8,Gram-negative porin family,SUBCELLULAR LOCATION: Cell outer membrane {ECO:0000250|UniProtKB:P06996}; Multi-pass membrane protein {ECO:0000305|PubMed:21071053}.; SUBCELLULAR LOCATION: Extracellular vesicle. Note=(Microbial infection) Upon infection with phage Sf6 is found in extracellular vesicles that associate with the tails of mature bacteriophage particles. {ECO:0000269|PubMed:22386055}.,PF00267;,GO:0009279; GO:0015288; GO:0034220; GO:0046930; GO:1903561,3D-structure;Cell outer membrane;Direct protein sequencing;Host-virus interaction;Ion transport;Membrane;Porin;Reference proteome;Signal;Transmembrane;Transmembrane beta strand;Transport;Virulence
A1KFU9,,SUBCELLULAR LOCATION: Cell surface.,,GO:0007155; GO:0008201; GO:0009986,Cell adhesion;Direct protein sequencing;Glycoprotein;Hemagglutinin;Heparin-binding;Virulence
F5NW60,,,PF07906;,,
G3XD49,,,PF04792;,GO:0005615; GO:0030254; GO:0030257,3D-structure;Reference proteome
H7C7D7,,,PF01323;PF18312;,GO:0016491,Disulfide bond;Oxidoreductase;Redox-active center;Reference proteome;Signal
I6X7X3,,,PF04402;,GO:0006974,Lipoprotein;Reference proteome;Signal
I6Y293,,,PF07995;,,Lipoprotein;Reference proteome;Signal
I6Y936,,,PF00934;,,Reference proteome
I6YE30,,,PF12728;,GO:0003677,Reference proteome
I6YG83,,,PF13577;,,Reference proteome
L0T2W6,,,PF11887;PF02470;,GO:0005576; GO:0005886; GO:0009274; GO:0044409; GO:0051701; GO:0120010; GO:0120014,Membrane;Reference proteome;Transmembrane;Transmembrane helix
L0T7Y7,Mycobacterial PPE family,SUBCELLULAR LOCATION: Secreted {ECO:0000250|UniProtKB:B2HSV2}. Note=Probably secreted via the ESX-5 / type VII secretion system (T7SS). {ECO:0000250|UniProtKB:B2HSV2}.,PF00823;PF12484;,GO:0052572,Reference proteome;Secreted;Virulence
L7N675,Mycobacterial PPE family,"SUBCELLULAR LOCATION: Secreted, cell wall {ECO:0000269|PubMed:19880448}. Cell surface {ECO:0000269|PubMed:19880448}.",PF00823;PF12484;,GO:0009986; GO:0052572,Cell wall;Reference proteome;Secreted;Virulence
O05461,Peptidase S8 family,"SUBCELLULAR LOCATION: Cell membrane {ECO:0000269|PubMed:10974545, ECO:0000269|PubMed:12366866}; Single-pass membrane protein {ECO:0000255}. Note=Cell wall-associated. {ECO:0000269|PubMed:10974545, ECO:0000269|PubMed:12366866}.",PF00082;,GO:0004252; GO:0005886; GO:0006508; GO:0009986; GO:0016485; GO:0044003; GO:0051046,Cell membrane;Hydrolase;Membrane;Protease;Reference proteome;Serine protease;Signal;Transmembrane;Transmembrane helix
O06195,,,,,Reference proteome
O06404,,,PF23717;,,Membrane;Reference proteome;Transmembrane;Transmembrane helix
O06608,,,PF08706;PF19263;,GO:0005524; GO:0005886; GO:0016787,ATP-binding;Hydrolase;Nucleotide-binding;Reference proteome
O06824,,,,,Reference proteome
O07166,,,PF00849;,GO:0000455; GO:0003723; GO:0005829; GO:0005886; GO:0009982; GO:0140098,Reference proteome
O07175,Peptidase S1C family,,PF13180;PF13365;,GO:0004252; GO:0005576; GO:0006508; GO:0009274,Hydrolase;Protease;Reference proteome;Signal
O07229,,,PF13977;PF00440;,GO:0000976; GO:0003700; GO:0006351; GO:0006355,3D-structure;DNA-binding;Reference proteome;Repressor;Transcription;Transcription regulation
O07414,,,PF11887;PF02470;,GO:0005576; GO:0005886; GO:0009274; GO:0044409; GO:0051701; GO:0120010; GO:0120014,Membrane;Reference proteome;Transmembrane;Transmembrane helix
O07415,,,PF11887;PF02470;,GO:0005576; GO:0005886; GO:0009274; GO:0044409; GO:0051701; GO:0120010; GO:0120014,Reference proteome
O07416,,,PF11887;PF02470;,GO:0005576; GO:0005886; GO:0009274; GO:0044409; GO:0051701; GO:0120010; GO:0120014,Membrane;Reference proteome;Transmembrane;Transmembrane helix
O07417,,,PF11887;PF02470;,GO:0005576; GO:0005886; GO:0009274; GO:0044409; GO:0051701; GO:0120010; GO:0120014,Lipoprotein;Reference proteome
O33192,,"SUBCELLULAR LOCATION: Cell membrane {ECO:0000255, ECO:0000305|PubMed:12581360}; Single-pass membrane protein {ECO:0000255}. Note=Probably also has a lipid-anchor at the mature N-terminus. Has been suggested to have 2 transmembrane domains (PubMed:12581360), but bioinformatic evidence does not support this. {ECO:0000305}.",PF05305;,GO:0005886,Cell membrane;Lipoprotein;Membrane;Palmitate;Reference proteome;Signal;Transmembrane;Transmembrane helix
O50383,,,PF05305;,GO:0005576,Reference proteome;Signal
O50391,GPN-loop GTPase family,,PF03029;,GO:0005525; GO:0016787,GTP-binding;Hydrolase;Nucleotide-binding;Reference proteome
O50398,,,PF01243;,GO:0005576; GO:0016627; GO:0070967,Oxidoreductase;Reference proteome
O53519,,,PF03364;,GO:0001666; GO:0005886; GO:0009274,Reference proteome
O53611,Monomeric-type IDH family,,PF03971;,GO:0000287; GO:0004450; GO:0005576; GO:0005829; GO:0005886; GO:0006097; GO:0006099; GO:0006102; GO:0009274; GO:0042803,3D-structure;Glyoxylate bypass;Magnesium;Metal-binding;NADP;Oxidoreductase;Reference proteome;Tricarboxylic acid cycle
O53673,Small heat shock protein (HSP20) family,,PF00011;,GO:0005886; GO:0009274; GO:0042542; GO:0046677; GO:0071451,Reference proteome;Stress response
O53692,"WXG100 family, CFP-10 subfamily",SUBCELLULAR LOCATION: Secreted {ECO:0000305|PubMed:21730061}. Note=Secreted via the ESX-3 / type VII secretion system (T7SS). {ECO:0000305|PubMed:21730061}.,PF06013;,GO:0005576; GO:0005829; GO:0097013,3D-structure;Acetylation;Reference proteome;Secreted;Virulence
O53732,CFA/CMAS family,,PF02353;,GO:0006633; GO:0008168; GO:0032259; GO:0071555,Cell wall biogenesis/degradation;Lipid biosynthesis;Lipid metabolism;Methyltransferase;Reference proteome;S-adenosyl-L-methionine;Transferase
O53780,,SUBCELLULAR LOCATION: Cell membrane {ECO:0000255|PROSITE-ProRule:PRU00303}; Lipid-anchor {ECO:0000255|PROSITE-ProRule:PRU00303}. Secreted {ECO:0000269|PubMed:30118682}.,PF10738;,GO:0005576; GO:0005886; GO:0009274; GO:0071555,3D-structure;Cell membrane;Cell wall biogenesis/degradation;Lipoprotein;Membrane;Palmitate;Reference proteome;Secreted;Signal;Virulence
O53966,,,PF02405;,GO:0005548; GO:0005886; GO:0015914; GO:0043190,Membrane;Reference proteome;Transmembrane;Transmembrane helix
O53972,,,PF02470;,GO:0005886; GO:0009274; GO:0044409; GO:0120010; GO:0120014,Membrane;Reference proteome;Transmembrane;Transmembrane helix
O69703,,,PF12625;PF12833;,GO:0000976; GO:0003700; GO:0006351,DNA-binding;Reference proteome;Transcription;Transcription regulation
O84025,"Bacterial ribosomal protein bL31 family, Type B subfamily",,PF01197;,GO:0003735; GO:0005840; GO:0006412; GO:1990904,Reference proteome;Ribonucleoprotein;Ribosomal protein
O84047,,,PF05932;,GO:0030254,Reference proteome
O84061,,,,,Membrane;Reference proteome;Transmembrane;Transmembrane helix
O84091,,,PF07201;PF22342;,GO:0009986; GO:0019867; GO:0030254; GO:0050709,Reference proteome
O84103,,,,,Membrane;Reference proteome;Transmembrane;Transmembrane helix
O84145,,,,,Reference proteome
O84226,,,,,Coiled coil;Membrane;Reference proteome;Transmembrane;Transmembrane helix
O84229,,,,,Coiled coil;Membrane;Reference proteome;Transmembrane;Transmembrane helix
O84243,RecR family,,PF21175;PF21176;PF13662;,GO:0000725; GO:0003677; GO:0006302; GO:0008270,DNA damage;DNA recombination;DNA repair;Metal-binding;Reference proteome;Zinc;Zinc-finger
O84385,Bacterial solute-binding protein 3 family,SUBCELLULAR LOCATION: Secreted {ECO:0000269|PubMed:20592031}. Cell surface {ECO:0000269|PubMed:20592031}.,PF00497;,GO:0005576; GO:0006865; GO:0009986; GO:0016597; GO:0030288,3D-structure;Amino-acid transport;Reference proteome;Secreted;Signal;Transport
O84449,,"SUBCELLULAR LOCATION: Membrane {ECO:0000305}; Multi-pass membrane protein {ECO:0000305}. Note=Immunolocalizes to the inclusion membrane, the membrane that surrounds the intracellular parasite. This protein is recognized by CD8+ T-cells in both human and mouse infections, suggesting it gains access to the host cytoplasm. {ECO:0000250}.",PF05745;,GO:0019867,Membrane;Reference proteome;Transmembrane;Transmembrane helix
O84462,Chlamydial CPn_0572/CT_456/TC_0741 family,SUBCELLULAR LOCATION: Secreted. Note=Secreted via type III secretion system and translocated into host cell. {ECO:0000250}.,PF07577;,GO:0005576; GO:0042169,Phosphoprotein;Reference proteome;Secreted;Virulence
O84534,,,,,Membrane;Reference proteome;Transmembrane;Transmembrane helix
O84546,"Class-II aminoacyl-tRNA synthetase family, Type 1 subfamily",SUBCELLULAR LOCATION: Cytoplasm {ECO:0000255|HAMAP-Rule:MF_00044}.,PF02938;PF00152;PF01336;,GO:0003676; GO:0004815; GO:0005524; GO:0005737; GO:0006422; GO:0050560,Aminoacyl-tRNA synthetase;ATP-binding;Cytoplasm;Ligase;Nucleotide-binding;Protein biosynthesis;Reference proteome
O84583,Chlamydial CPn_0808/CT_579/TC_0868 family,,PF04888;,,Reference proteome
O84608,"Peroxiredoxin family, AhpC/Prx1 subfamily",,PF10417;PF00578;,GO:0005829; GO:0006979; GO:0008379; GO:0042744; GO:0045454,Oxidoreductase;Peroxidase;Reference proteome
O84623,,,,,Membrane;Reference proteome;Transmembrane;Transmembrane helix
O84627,,,,,Coiled coil;Reference proteome
O84700,,,,,Reference proteome
O84701,,,,,Reference proteome
O84801,,,,,Reference proteome;Signal
O84819,,,,,Coiled coil;Membrane;Reference proteome;Transmembrane;Transmembrane helix
O84848,AAA ATPase family; Peptidase M41 family; AAA ATPase family,"SUBCELLULAR LOCATION: Cell inner membrane {ECO:0000256|ARBA:ARBA00060450, ECO:0000256|HAMAP-Rule:MF_01458}; Multi-pass membrane protein {ECO:0000256|ARBA:ARBA00060450, ECO:0000256|HAMAP-Rule:MF_01458}; Cytoplasmic side {ECO:0000256|ARBA:ARBA00060450, ECO:0000256|HAMAP-Rule:MF_01458}.",PF00004;PF17862;PF01434;,GO:0004176; GO:0004222; GO:0005524; GO:0005886; GO:0006508; GO:0008270; GO:0016887; GO:0030163,ATP-binding;Cell inner membrane;Cell membrane;Hydrolase;Membrane;Metal-binding;Metalloprotease;Nucleotide-binding;Protease;Reference proteome;Transmembrane;Transmembrane helix;Zinc
O84883,,,,,Reference proteome
P01555,Enterotoxin A family,,PF01375;,GO:0005534; GO:0005615; GO:0008289; GO:0016757; GO:0016779; GO:0042531; GO:0042597; GO:0090729; GO:0141104; GO:1902494,3D-structure;Direct protein sequencing;Disulfide bond;Enterotoxin;Glycosyltransferase;NAD;Nucleotidyltransferase;Reference proteome;Signal;Toxin;Transferase;Virulence
P01556,,SUBCELLULAR LOCATION: Secreted. Host cell membrane {ECO:0000305}.,PF01376;,GO:0005534; GO:0005615; GO:0020002; GO:0042531; GO:0042597; GO:0046812; GO:0090729; GO:1902494,3D-structure;Direct protein sequencing;Disulfide bond;Enterotoxin;Host cell membrane;Host membrane;Membrane;Reference proteome;Secreted;Signal;Toxin;Virulence
P04739,N-Me-Phe pilin family,SUBCELLULAR LOCATION: Fimbrium {ECO:0000269|PubMed:39666767}. Cell inner membrane {ECO:0000269|PubMed:27162347}; Single-pass membrane protein {ECO:0000255}. Host endoplasmic reticulum membrane {ECO:0000269|PubMed:23266901}. Note=Likely secreted through the outer membrane PilQ secretin channel for surface display. {ECO:0000305|PubMed:39666767}.,PF07963;PF00114;,GO:0005829; GO:0005886; GO:0009289; GO:0009986; GO:0043107; GO:0043709; GO:0044011; GO:0044096; GO:0044167; GO:0050848,3D-structure;Cell inner membrane;Cell membrane;Disulfide bond;Fimbrium;Host endoplasmic reticulum;Host membrane;Membrane;Methylation;Reference proteome;Transmembrane;Transmembrane helix
P04977,Bacterial exotoxin subunit A family,"SUBCELLULAR LOCATION: Secreted {ECO:0000269|PubMed:11854200}. Note=The individual chains are secreted by a sec-dependent mechanism into the periplasm. Then, S1 associates with the outer membrane before it joins with the B subunit to form the secretion-competent holotoxin. The type IV secretion system ptl mediates secretion of assembled toxin through the outer membrane.",PF02917;,GO:0003950; GO:0005576; GO:0016779; GO:0090729; GO:0141104,3D-structure;Direct protein sequencing;Disulfide bond;Glycosyltransferase;NAD;Nucleotidyltransferase;Pharmaceutical;Reference proteome;Secreted;Signal;Toxin;Transferase;Virulence;Whooping cough
P04978,Pertussis toxin S2/S3 subunits family,SUBCELLULAR LOCATION: Secreted. Host cell membrane {ECO:0000305}.,PF03440;PF02918;,GO:0005576; GO:0020002; GO:0090729; GO:0141071,3D-structure;Disulfide bond;Host cell membrane;Host membrane;Membrane;Reference proteome;Secreted;Signal;Toxin;Virulence;Whooping cough
P04979,Pertussis toxin S2/S3 subunits family,SUBCELLULAR LOCATION: Secreted. Host cell membrane {ECO:0000305}.,PF03440;PF02918;,GO:0005576; GO:0020002; GO:0090729,3D-structure;Disulfide bond;Host cell membrane;Host membrane;Membrane;Reference proteome;Secreted;Signal;Toxin;Virulence;Whooping cough
P05788,Fimbrial protein family,SUBCELLULAR LOCATION: Fimbrium. Note=Pili structure on the cell surface.,PF16970;,GO:0009289; GO:0043709,Disulfide bond;Fimbrium;Reference proteome;Signal
P0A074,Aerolysin family,SUBCELLULAR LOCATION: Secreted.,PF07968;,GO:0005576; GO:0051715; GO:0090729,3D-structure;Cytolysis;Direct protein sequencing;Hemolysis;Secreted;Signal;Toxin;Virulence
P0A335,Chaperonin (HSP60) family,SUBCELLULAR LOCATION: Cytoplasm {ECO:0000255|HAMAP-Rule:MF_00600}.,PF00118;,GO:0005524; GO:0005737; GO:0016853; GO:0042026; GO:0051082; GO:0140662,ATP-binding;Chaperone;Cytoplasm;Isomerase;Nucleotide-binding;Reference proteome
P0A3R5,,SUBCELLULAR LOCATION: Secreted. Host cell membrane {ECO:0000305}.,PF09275;,GO:0005576; GO:0020002; GO:0090729,3D-structure;Disulfide bond;Host cell membrane;Host membrane;Membrane;Reference proteome;Secreted;Signal;Toxin;Virulence;Whooping cough
P0A3U4,Omp25/RopB family,SUBCELLULAR LOCATION: Cell outer membrane.,PF13505;,GO:0006811; GO:0009279; GO:0015288; GO:0046930,Cell outer membrane;Ion transport;Membrane;Porin;Reference proteome;Signal;Transmembrane;Transmembrane beta strand;Transport
P0A3U8,,SUBCELLULAR LOCATION: Periplasm.,PF04402;,GO:0006974; GO:0042597,Periplasm;Reference proteome;Signal
P0C0Z7,Chaperonin (HSP60) family,SUBCELLULAR LOCATION: Cytoplasm {ECO:0000255|HAMAP-Rule:MF_00600}.,PF00118;,GO:0005524; GO:0006457; GO:0009408; GO:0016853; GO:0042026; GO:0051082; GO:0140662; GO:1990220,ATP-binding;Chaperone;Cytoplasm;Direct protein sequencing;Isomerase;Nucleotide-binding;Reference proteome;Stress response
P0C2J9,Cholesterol-dependent cytolysin family,"SUBCELLULAR LOCATION: Secreted {ECO:0000269|PubMed:28456649}. Secreted, cell wall {ECO:0000269|PubMed:28456649}. Host cell membrane {ECO:0000250}; Multi-pass membrane protein {ECO:0000250|UniProtKB:Q04IN8}. Note=Secreted as soluble protein by the accessory Sec system (PubMed:28456649). It then inserts into the host cell membrane and forms pores formed by transmembrane beta-strands (By similarity). {ECO:0000250|UniProtKB:Q04IN8, ECO:0000269|PubMed:28456649}.",PF17440;PF01289;,GO:0005576; GO:0015485; GO:0020002; GO:0031640; GO:0090729,Cell wall;Cytolysis;Hemolysis;Host cell membrane;Host membrane;Lipid-binding;Membrane;Reference proteome;Secreted;Toxin;Transmembrane;Transmembrane beta strand;Virulence
P0C6Q5,,SUBCELLULAR LOCATION: Cell outer membrane {ECO:0000305}; Peripheral membrane protein {ECO:0000305}.,PF06340;,GO:0009279,3D-structure;Cell outer membrane;Membrane;Reference proteome;Signal
P0CC04,,SUBCELLULAR LOCATION: Periplasm {ECO:0000305}.,PF03504;PF01345;,GO:0005201; GO:0008360; GO:0042597,Cell shape;Disulfide bond;Periplasm;Reference proteome;Signal
P0CI27,IncA family,"SUBCELLULAR LOCATION: Secreted {ECO:0000250|UniProtKB:A0A0H3MD02}. Host vacuole, host pathogen-containing vacuole, host pathogen-containing vacuole membrane {ECO:0000269|PubMed:9826388, ECO:0000305|PubMed:10603409, ECO:0000305|PubMed:11402010}; Multi-pass membrane protein {ECO:0000255}. Note=Secreted, probably by a type III secretion system (Probable) (PubMed:9826388). Localized in the inclusion membrane (Probable) (PubMed:9826388). In the inclusion, the C-terminus faces the host cytosol (By similarity). {ECO:0000250|UniProtKB:A0A0H3MD02, ECO:0000269|PubMed:9826388, ECO:0000305|PubMed:10603409, ECO:0000305|PubMed:11402010}.",,GO:0005576; GO:0140221,3D-structure;Coiled coil;Host membrane;Membrane;Reference proteome;Secreted;Transmembrane;Transmembrane helix;Virulence
P0DJI4,,"SUBCELLULAR LOCATION: Secreted {ECO:0000250|UniProtKB:B0B9M4}. Host vacuole, host pathogen-containing vacuole, host pathogen-containing vacuole membrane {ECO:0000250|UniProtKB:B0B9M4}; Multi-pass membrane protein {ECO:0000255}. Note=Secreted, probably by a type III secretion system (By similarity). Localized in the inclusion membrane (By similarity). {ECO:0000250|UniProtKB:B0B9M4}.",PF17627;,GO:0005576; GO:0140221,3D-structure;Host membrane;Membrane;Reference proteome;Secreted;Transmembrane;Transmembrane helix;Virulence
P0DJM0,Internalin family,"SUBCELLULAR LOCATION: Secreted, cell wall {ECO:0000255|PROSITE-ProRule:PRU00477, ECO:0000269|PubMed:10736172, ECO:0000269|PubMed:11929538, ECO:0000269|PubMed:20176794, ECO:0000269|PubMed:21725001, ECO:0000269|PubMed:22837151}; Peptidoglycan-anchor {ECO:0000255|PROSITE-ProRule:PRU00477, ECO:0000269|PubMed:10736172, ECO:0000269|PubMed:11929538}. Secreted {ECO:0000269|PubMed:11854224, ECO:0000269|PubMed:20176794}. Note=In the absence of SrtA in exponential phase some protein is still anchored to the cell wall and a very small amount is secreted while overall protein levels are the same in the srtA mutant; in stationary phase almost no protein accumulates (PubMed:22837151). During exponential growth detected on the cell surface as a series of dots in a helical pattern, it is excluded from the septum; if expression is increased it accumulates at cell poles (PubMed:21725001). The helical pattern of InlA does not overlap with that of InlH, InlJ or Hbp2 (SvpA) (PubMed:21725001). In stationary phase colocalizes with InlH at cell poles and at the septum, the location shift requires SigB (PubMed:21725001). {ECO:0000269|PubMed:21725001, ECO:0000269|PubMed:22837151}.",PF09479;PF00746;PF12354;PF12799;PF08191;,GO:0005576; GO:0009274,3D-structure;Cell wall;Direct protein sequencing;Leucine-rich repeat;Peptidoglycan-anchor;Reference proteome;Repeat;Secreted;Signal;Virulence
P0DPS6,,"SUBCELLULAR LOCATION: Secreted {ECO:0000250|UniProtKB:A0A0H3MGR4}. Host vacuole, host pathogen-containing vacuole, host pathogen-containing vacuole membrane {ECO:0000305|PubMed:11260479}; Multi-pass membrane protein {ECO:0000255}. Note=Secreted, probably by a type III secretion system (By similarity). Localized in the inclusion membrane (By similarity). {ECO:0000250|UniProtKB:A0A0H3MGR4}.",,GO:0005576; GO:0140221,Host membrane;Membrane;Phosphoprotein;Reference proteome;Secreted;Transmembrane;Transmembrane helix;Virulence
P0DQD2,Internalin family,"SUBCELLULAR LOCATION: Secreted {ECO:0000250|UniProtKB:P0DQD3}. Cytoplasm {ECO:0000269|PubMed:11929538}. Cell membrane {ECO:0000269|PubMed:11929538}. Note=Approximately half the protein is secreted. Cell surface association is mediated by the GW domains and can occur when protein is added externally; externally added protein confers invasion competence. Protein is partially buried in the cell membrane; it binds non-covalently to lipoteichoic acid (LTA) on the bacterial membrane, and can be released from the surface by LTA. {ECO:0000250|UniProtKB:P0DQD3}.",PF09479;PF13457;PF12354;PF12799;PF08191;,GO:0005576; GO:0005737; GO:0005886; GO:0008201; GO:0008289; GO:0009274,3D-structure;Cell membrane;Cytoplasm;Heparin-binding;Leucine-rich repeat;Lipid-binding;Membrane;Reference proteome;Repeat;Secreted;Signal;Virulence
P10324,Pal lipoprotein family,SUBCELLULAR LOCATION: Cell outer membrane {ECO:0000255|HAMAP-Rule:MF_02204}; Lipid-anchor {ECO:0000255|HAMAP-Rule:MF_02204}.,PF00691;,GO:0009279; GO:0051301,3D-structure;Cell cycle;Cell division;Cell outer membrane;Direct protein sequencing;Lipoprotein;Membrane;Palmitate;Reference proteome;Signal
P11439,,,PF09101;PF09009;PF09102;,GO:0001907; GO:0016779; GO:0047286; GO:0090729; GO:0141155,3D-structure;Direct protein sequencing;Disulfide bond;Glycosyltransferase;NAD;Nucleotidyltransferase;Reference proteome;Signal;Toxin;Transferase;Virulence
P13128,Cholesterol-dependent cytolysin family,"SUBCELLULAR LOCATION: Secreted {ECO:0000269|PubMed:24751541, ECO:0000269|PubMed:3110067}. Host membrane {ECO:0000269|PubMed:24751541, ECO:0000269|PubMed:3110067}; Multi-pass membrane protein {ECO:0000269|PubMed:3110067}. Host cell membrane {ECO:0000269|PubMed:3110067}; Multi-pass membrane protein {ECO:0000269|PubMed:3110067}. Note=Secreted as soluble protein that then inserts into the host membrane and forms pores formed by transmembrane beta-strands. {ECO:0000305|PubMed:24751541}.",PF17440;PF01289;,GO:0005576; GO:0015485; GO:0020002; GO:0031640; GO:0042802; GO:0044658; GO:0090729; GO:0141160,3D-structure;Cytolysis;Hemolysis;Host cell membrane;Host membrane;Lipid-binding;Membrane;Phosphoprotein;Reference proteome;Secreted;Signal;Toxin;Transmembrane;Transmembrane beta strand;Ubl conjugation;Virulence
P13794,Outer membrane OOP (TC 1.B.6) superfamily,SUBCELLULAR LOCATION: Cell outer membrane {ECO:0000269|PubMed:2447060}; Multi-pass membrane protein {ECO:0000305|PubMed:25846137}.,PF00691;PF05736;,GO:0001851; GO:0005509; GO:0006811; GO:0008360; GO:0009279; GO:0015288; GO:0019867; GO:0044406; GO:0046930,3D-structure;Cell outer membrane;Cell shape;Direct protein sequencing;Disulfide bond;Ion transport;Membrane;Porin;Reference proteome;Repeat;Signal;Transmembrane;Transmembrane beta strand;Transport
P14283,,SUBCELLULAR LOCATION: [Pertactin autotransporter]: Periplasm {ECO:0000250}.; SUBCELLULAR LOCATION: [Outer membrane protein P.69]: Secreted. Cell surface.; SUBCELLULAR LOCATION: [Pertactin translocator]: Cell outer membrane {ECO:0000305}; Multi-pass membrane protein {ECO:0000305}. Note=The cleaved C-terminal fragment (autotransporter domain) is localized in the outer membrane.,PF03797;PF03212;,GO:0005576; GO:0007155; GO:0009279; GO:0009986; GO:0042597,3D-structure;Cell adhesion;Cell outer membrane;Direct protein sequencing;Membrane;Periplasm;Reference proteome;Repeat;Secreted;Signal;Transmembrane;Transmembrane beta strand;Virulence
P14738,,"SUBCELLULAR LOCATION: Secreted, cell wall {ECO:0000255|PROSITE-ProRule:PRU00477, ECO:0000305|PubMed:11830639}; Peptidoglycan-anchor {ECO:0000255|PROSITE-ProRule:PRU00477, ECO:0000305|PubMed:11830639, ECO:0000305|PubMed:14769030}. Note=Anchored to the cell wall by sortase A. {ECO:0000305|PubMed:11830639, ECO:0000305|PubMed:14769030}.",PF17961;PF02986;PF00746;PF10425;PF04650;,GO:0001968; GO:0007155; GO:0070051; GO:0098630,3D-structure;Cell adhesion;Cell wall;Peptidoglycan-anchor;Reference proteome;Repeat;Secreted;Signal;Virulence
P14756,Peptidase M4 family,"SUBCELLULAR LOCATION: Secreted {ECO:0000269|PubMed:1597429, ECO:0000269|PubMed:3141383, ECO:0000269|PubMed:9642203}. Note=Secreted in an Xcp-dependent fashion (a type II secretion pathway). {ECO:0000269|PubMed:9642203}.",PF07504;PF03413;PF01447;PF02868;,GO:0004175; GO:0004222; GO:0005576; GO:0006508; GO:0015628; GO:0043952; GO:0044010; GO:0046872; GO:0071978,3D-structure;Autocatalytic cleavage;Calcium;Direct protein sequencing;Disulfide bond;Hydrolase;Metal-binding;Metalloprotease;Protease;Reference proteome;Secreted;Signal;Virulence;Zinc;Zymogen
P17821,Heat shock protein 70 family,,PF00012;,GO:0005524; GO:0016887; GO:0031072; GO:0042026; GO:0044183; GO:0051082,ATP-binding;Chaperone;Nucleotide-binding;Phosphoprotein;Reference proteome;Stress response
P17835,Fimbrial protein family,SUBCELLULAR LOCATION: Fimbrium. Note=Pili structure on the cell surface.,PF16970;,GO:0009289; GO:0043709,Disulfide bond;Fimbrium;Reference proteome;Signal
P18011,SctE/SipB/YopB family,"SUBCELLULAR LOCATION: Secreted {ECO:0000269|PubMed:10545510, ECO:0000269|PubMed:17719540, ECO:0000269|PubMed:7954817, ECO:0000269|PubMed:9009343}. Host membrane {ECO:0000269|PubMed:10545510, ECO:0000269|PubMed:34809452}; Multi-pass membrane protein {ECO:0000269|PubMed:34809452}. Host cell {ECO:0000269|PubMed:9009343}. Host nucleus {ECO:0000305|PubMed:17719540}. Note=Secreted via the type III secretion system (T3SS) (PubMed:10545510). Localizes at the surface of needle tips via IpaD/SctA (PubMed:17367391). IpaB/SctE and IpaC/SctB form a multimeric integral membrane complex in eukaryotic cell membranes (PubMed:10545510, PubMed:17367391). Also secreted into the cytoplasm of the infected macrophage after the escape of bacteria from phagosome, where it colocalizes with ICE (PubMed:8670890, PubMed:9009343). May localize to host cell nucleus during G2/M phase of the host cell cycle (PubMed:17719540). {ECO:0000269|PubMed:10545510, ECO:0000269|PubMed:17367391, ECO:0000269|PubMed:17719540, ECO:0000269|PubMed:8670890, ECO:0000269|PubMed:9009343}.",PF04888;PF16535;,GO:0005576; GO:0016020; GO:0033644; GO:0042025; GO:0043657,3D-structure;Coiled coil;Direct protein sequencing;Host membrane;Host nucleus;Membrane;Plasmid;Reference proteome;Secreted;Transmembrane;Transmembrane helix;Virulence
P18012,SctB/SipC family,"SUBCELLULAR LOCATION: Secreted {ECO:0000269|PubMed:10545510, ECO:0000269|PubMed:7954817, ECO:0000269|PubMed:9001387}. Host membrane {ECO:0000269|PubMed:10545510, ECO:0000305|PubMed:9001387}; Single-pass membrane protein {ECO:0000255}. Note=Secreted via the type III secretion system (T3SS) (PubMed:10545510). Localizes at needle tips (PubMed:17367391, PubMed:19433542). IpaB/SctE and IpaC/SctB form a multimeric integral membrane complex in eukaryotic cell membranes (PubMed:17367391). {ECO:0000269|PubMed:10545510, ECO:0000269|PubMed:17367391, ECO:0000269|PubMed:19433542}.",PF09599;,GO:0005576; GO:0033644,Direct protein sequencing;Host membrane;Membrane;Plasmid;Reference proteome;Secreted;Transmembrane;Transmembrane helix;Virulence
P18013,Invasin protein D family,SUBCELLULAR LOCATION: Secreted {ECO:0000269|PubMed:17077085}. Note=Secreted via the type III secretion system (T3SS). Localizes to the tip of the external secretion needle that is part of the T3SS apparatus.,PF06511;,GO:0005576; GO:0034055,3D-structure;Coiled coil;Plasmid;Reference proteome;Secreted;Virulence
P18584,Peptidase S1C family,SUBCELLULAR LOCATION: Periplasm {ECO:0000305}.,PF13180;PF17820;PF13365;,GO:0004252; GO:0006508; GO:0030288,Hydrolase;Periplasm;Protease;Reference proteome;Repeat;Serine protease;Signal;Stress response
P21171,Peptidase C40 family,SUBCELLULAR LOCATION: Cell surface {ECO:0000269|PubMed:16247833}. Secreted {ECO:0000269|PubMed:22837151}.,PF01476;PF00877;PF08239;,GO:0000270; GO:0004175; GO:0005576; GO:0006508; GO:0008234; GO:0009986,Direct protein sequencing;Hydrolase;Protease;Reference proteome;Repeat;Secreted;Signal;Thiol protease
P26093,,SUBCELLULAR LOCATION: Cell outer membrane; Lipid-anchor.,PF03767;,GO:0009279,3D-structure;Cell outer membrane;Direct protein sequencing;Lipoprotein;Membrane;Palmitate;Reference proteome;Signal
P26623,FKBP-type PPIase family,SUBCELLULAR LOCATION: Cell outer membrane.,PF00254;PF01346;,GO:0003755; GO:0006457; GO:0009279,Cell outer membrane;Isomerase;Membrane;Reference proteome;Rotamase;Signal
P29485,,SUBCELLULAR LOCATION: Cell membrane {ECO:0000305}; Single-pass membrane protein {ECO:0000305}.,PF00486;,GO:0000160; GO:0003677; GO:0005886; GO:0045893,Cell membrane;DNA-binding;Membrane;Reference proteome;Transmembrane;Transmembrane helix
P30718,Chaperonin (HSP60) family,SUBCELLULAR LOCATION: Cytoplasm {ECO:0000255|HAMAP-Rule:MF_00600}.,PF00118;,GO:0005524; GO:0006457; GO:0009408; GO:0016853; GO:0042026; GO:0051082; GO:0140662; GO:1990220,ATP-binding;Chaperone;Cytoplasm;Direct protein sequencing;Isomerase;Nucleotide-binding;Reference proteome
P31772,"Bacterial secretin family, PilQ subfamily",SUBCELLULAR LOCATION: Cell outer membrane {ECO:0000305}.,PF00263;PF03958;,GO:0009279; GO:0009306; GO:0030420,Cell outer membrane;Competence;Membrane;Reference proteome;Signal;Transport
P33379,,SUBCELLULAR LOCATION: Cell membrane; Single-pass membrane protein.,PF05058;,GO:0005886,3D-structure;Cell membrane;Direct protein sequencing;Membrane;Reference proteome;Repeat;Signal;Transmembrane;Transmembrane helix;Virulence
P35818,"Bacterial secretin family, GSP D subfamily","SUBCELLULAR LOCATION: Cell outer membrane {ECO:0000305|PubMed:29042496}. Note=Most of the protein is in the periplasm which it traverses to contact proteins of the cell inner membrane. {ECO:0000305|PubMed:23188826, ECO:0000305|PubMed:29042493, ECO:0000305|PubMed:29042496}.",PF00263;PF03958;PF21305;,GO:0009279; GO:0009306; GO:0015627; GO:0015628; GO:0042802,3D-structure;Cell outer membrane;Membrane;Protein transport;Reference proteome;Signal;Transmembrane;Transmembrane beta strand;Transport
P38006,Chlamydial OMP family,SUBCELLULAR LOCATION: Cell outer membrane; Multi-pass membrane protein. Note=Outer membrane of elementary body.,PF01308;,GO:0005198; GO:0006811; GO:0009279; GO:0015288; GO:0046930,Cell outer membrane;Ion transport;Membrane;Porin;Reference proteome;Signal;Transmembrane;Transmembrane beta strand;Transport
P43724,Bacterial histone-like protein family,,PF00216;,GO:0003677; GO:0005694; GO:0005829; GO:0006310; GO:0006351; GO:0006355; GO:0006417; GO:0030527,DNA recombination;DNA-binding;Reference proteome;Transcription;Transcription regulation;Translation regulation
P43838,OmpP1/FadL family,SUBCELLULAR LOCATION: Cell outer membrane; Multi-pass membrane protein.,PF03349;,GO:0009279; GO:0015483,Cell outer membrane;Membrane;Reference proteome;Signal;Transmembrane;Transmembrane beta strand
P43839,Gram-negative porin family,SUBCELLULAR LOCATION: Cell outer membrane; Multi-pass membrane protein.,PF13609;,GO:0006811; GO:0009279; GO:0015288; GO:0046930,Cell outer membrane;Ion transport;Membrane;Porin;Reference proteome;Signal;Transmembrane;Transmembrane beta strand;Transport
P43840,"Outer membrane OOP (TC 1.B.6) superfamily, OmpA family","SUBCELLULAR LOCATION: Cell outer membrane {ECO:0000255|HAMAP-Rule:MF_00842, ECO:0000269|PubMed:6603458}; Multi-pass membrane protein {ECO:0000255|HAMAP-Rule:MF_00842}.",PF00691;PF01389;,GO:0009279; GO:0015288; GO:0034220; GO:0046930; GO:0051701,Cell outer membrane;Disulfide bond;Ion transport;Membrane;Porin;Reference proteome;Signal;Transmembrane;Transmembrane beta strand;Transport
P43867,Peptidase S14 family,SUBCELLULAR LOCATION: Cytoplasm {ECO:0000255|HAMAP-Rule:MF_00444}.,PF00574;,GO:0004176; GO:0004252; GO:0005737; GO:0006515; GO:0009368; GO:0051117,Cytoplasm;Hydrolase;Protease;Reference proteome;Serine protease
P43926,"TRAFAC class translation factor GTPase superfamily, Classic translation factor GTPase family, EF-Tu/EF-1A subfamily",SUBCELLULAR LOCATION: Cytoplasm {ECO:0000255|HAMAP-Rule:MF_00118}.,PF00009;PF03144;PF03143;,GO:0000287; GO:0003746; GO:0003924; GO:0005525; GO:0005737; GO:0006414,Cytoplasm;Elongation factor;GTP-binding;Hydrolase;Magnesium;Metal-binding;Nucleotide-binding;Protein biosynthesis;Reference proteome
P44089,Slam family,SUBCELLULAR LOCATION: Cell outer membrane {ECO:0000250|UniProtKB:Q4QLR4}; Multi-pass membrane protein {ECO:0000255}.,PF04575;PF24575;,GO:0009279,Cell outer membrane;Membrane;Reference proteome;Signal;Transmembrane;Transmembrane beta strand
P44600,TonB-dependent receptor family,SUBCELLULAR LOCATION: Cell outer membrane {ECO:0000255|PROSITE-ProRule:PRU01360}; Multi-pass membrane protein {ECO:0000255|PROSITE-ProRule:PRU01360}.,PF07715;PF00593;,GO:0009279; GO:0015232; GO:0015344; GO:0044718,Cell outer membrane;Membrane;Reference proteome;Signal;TonB box;Transmembrane;Transmembrane beta strand;Transport
P44602,,SUBCELLULAR LOCATION: Secreted.,PF05860;,GO:0005576,3D-structure;Reference proteome;Repeat;Secreted;Signal;Transport
P44970,TonB-dependent receptor family,"SUBCELLULAR LOCATION: Cell outer membrane {ECO:0000255|PROSITE-ProRule:PRU01360, ECO:0000305}; Multi-pass membrane protein {ECO:0000250|UniProtKB:Q9K0U9, ECO:0000255|PROSITE-ProRule:PRU01360}.",PF07715;PF00593;,GO:0009279; GO:0015091; GO:0015344; GO:0044718,Cell outer membrane;Membrane;Receptor;Reference proteome;Signal;TonB box;Transmembrane;Transmembrane beta strand;Transport;Virulence
P51752,FKBP-type PPIase family,SUBCELLULAR LOCATION: Secreted {ECO:0000305}.,PF00254;PF01346;,GO:0003755; GO:0005576; GO:0006457; GO:0016020,Direct protein sequencing;Isomerase;Reference proteome;Rotamase;Secreted;Signal;Virulence
P56963,Bacterial flagellin family,SUBCELLULAR LOCATION: Secreted. Bacterial flagellum.,PF00700;PF07196;PF00669;,GO:0005198; GO:0005576; GO:0009288,Bacterial flagellum;Reference proteome;Secreted
P64024,"TRAFAC class translation factor GTPase superfamily, Classic translation factor GTPase family, EF-Tu/EF-1A subfamily",SUBCELLULAR LOCATION: Cytoplasm {ECO:0000255|HAMAP-Rule:MF_00118}.,PF00009;PF03144;PF03143;,GO:0000287; GO:0003746; GO:0003924; GO:0005525; GO:0005829,Cytoplasm;Elongation factor;GTP-binding;Hydrolase;Magnesium;Metal-binding;Nucleotide-binding;Protein biosynthesis;Reference proteome
P71540,Enoyl-CoA hydratase/isomerase family,,PF00378;,GO:0004490; GO:0005886; GO:0046247,Reference proteome
P71810,,,PF25362;,GO:0005576,Membrane;Reference proteome;Transmembrane;Transmembrane helix
P80672,,SUBCELLULAR LOCATION: Cell outer membrane.,PF05538;,GO:0006811; GO:0007155; GO:0009279; GO:0015288; GO:0046930,Cell adhesion;Cell outer membrane;Direct protein sequencing;Ion transport;Membrane;Porin;Reference proteome;Signal;Transmembrane;Transmembrane beta strand;Transport
P95149,CoA-transferase III family,,PF02515;,GO:0005886; GO:0009274; GO:0016740,Direct protein sequencing;Reference proteome;Transferase
P95202,,,,,Membrane;Reference proteome;Transmembrane;Transmembrane helix
P95229,,,,GO:0016020; GO:0016298,Reference proteome
P96264,"Peptidase M28 family, M28A subfamily","SUBCELLULAR LOCATION: Cell membrane {ECO:0000255|PROSITE-ProRule:PRU00303}; Lipid-anchor {ECO:0000255|PROSITE-ProRule:PRU00303, ECO:0000305|PubMed:24093492}.",PF02225;PF04389;,GO:0004177; GO:0005576; GO:0005886; GO:0006508; GO:0008235; GO:0046872,Aminopeptidase;Cell membrane;Hydrolase;Lipoprotein;Membrane;Metal-binding;Palmitate;Protease;Reference proteome;Signal;Zinc
P96394,,,PF13521;PF01467;,GO:0000166; GO:0000309; GO:0009435; GO:0050262,Nucleotide-binding;Reference proteome
P96402,'GDXG' lipolytic enzyme family,"SUBCELLULAR LOCATION: Cell surface {ECO:0000269|PubMed:22038913}. Secreted, cell wall {ECO:0000269|PubMed:22038913}. Secreted, capsule {ECO:0000269|PubMed:22038913}. Note=Cell surface protein that is present in both the cell wall and the capsule. {ECO:0000269|PubMed:22038913}.",PF20434;,GO:0004806; GO:0008126; GO:0009986; GO:0042603; GO:0046503,Cell wall;Hydrolase;Reference proteome;Secreted
P96825,Short-chain dehydrogenases/reductases (SDR) family,,PF00106;,GO:0003857; GO:0004300; GO:0005886; GO:0006635; GO:0009274; GO:0070490,Isopeptide bond;Oxidoreductase;Reference proteome;Ubl conjugation
P9WF43,WhiB family,SUBCELLULAR LOCATION: Cytoplasm {ECO:0000250}.,PF02467;,GO:0003677; GO:0005737; GO:0006351; GO:0015035; GO:0035731; GO:0045454; GO:0045892; GO:0046872; GO:0047134; GO:0051539; GO:0071731,3D-structure;4Fe-4S;Cytoplasm;Disulfide bond;DNA-binding;Iron;Iron-sulfur;Metal-binding;Reference proteome;Transcription;Transcription regulation
P9WF69,PINc/VapC protein family,,PF01850;,GO:0000287; GO:0004540; GO:0005886; GO:0016788; GO:0045926,Hydrolase;Magnesium;Metal-binding;Nuclease;Reference proteome;Toxin-antitoxin system
P9WF73,PINc/VapC protein family,,PF01850;,GO:0000287; GO:0004540; GO:0016787; GO:0045926,Hydrolase;Magnesium;Metal-binding;Nuclease;Reference proteome;Toxin-antitoxin system
P9WFC9,Universal stress protein A family,,PF00582;,GO:0005886; GO:0006950; GO:0009274; GO:0046677,3D-structure;Reference proteome
P9WFK1,UPF0336 family,,PF13452;,GO:0005886; GO:0006633; GO:0019171,3D-structure;Reference proteome
P9WFL9,UPF0161 family,SUBCELLULAR LOCATION: Cell membrane {ECO:0000255|HAMAP-Rule:MF_00386}; Peripheral membrane protein {ECO:0000255|HAMAP-Rule:MF_00386}; Cytoplasmic side {ECO:0000255|HAMAP-Rule:MF_00386}.,PF01809;,GO:0005886; GO:0032977; GO:0051205,Cell membrane;Membrane;Reference proteome
P9WFR1,UDP-glycosyltransferase family,,PF06722;,GO:0005886; GO:0008194; GO:0009247; GO:0016758,Glycosyltransferase;Reference proteome;Transferase
P9WG25,Transketolase family,,PF02779;PF22613;PF00456;,GO:0000287; GO:0004802; GO:0005576; GO:0005829; GO:0005886; GO:0006098; GO:0009274,3D-structure;Acetylation;Calcium;Magnesium;Metal-binding;Reference proteome;Thiamine pyrophosphate;Transferase
P9WG55,"FKBP-type PPIase family, Tig subfamily",SUBCELLULAR LOCATION: Cytoplasm {ECO:0000255|HAMAP-Rule:MF_00303}. Note=About half TF is bound to the ribosome near the polypeptide exit tunnel while the other half is free in the cytoplasm. {ECO:0000255|HAMAP-Rule:MF_00303}.,PF00254;PF05698;PF05697;,GO:0003755; GO:0005829; GO:0005886; GO:0009267; GO:0009274; GO:0015031; GO:0043022; GO:0043335; GO:0044183; GO:0046677; GO:0051083; GO:0051301,Cell cycle;Cell division;Chaperone;Cytoplasm;Isomerase;Reference proteome;Rotamase;Stress response
P9WG67,Thioredoxin family,,PF00085;,GO:0005576; GO:0005737; GO:0005829; GO:0005886; GO:0009055; GO:0009274; GO:0015035; GO:0015036; GO:0015038; GO:0045454,3D-structure;Direct protein sequencing;Disulfide bond;Electron transport;Redox-active center;Reference proteome;Transport
P9WGT7,PstS family,SUBCELLULAR LOCATION: Cell membrane {ECO:0000305}; Lipid-anchor {ECO:0000305}.,PF12849;,GO:0005576; GO:0005886; GO:0006817; GO:0009274; GO:0016036; GO:0035435; GO:0042301; GO:0043190; GO:0051301; GO:0051701; GO:0052170,3D-structure;Cell membrane;Lipoprotein;Membrane;Palmitate;Phosphate transport;Reference proteome;Signal;Stress response;Transport
P9WGT9,PstS family,SUBCELLULAR LOCATION: Cell membrane {ECO:0000305}; Lipid-anchor {ECO:0000305}.,PF12849;,GO:0005576; GO:0005886; GO:0006817; GO:0035435; GO:0042301; GO:0043190,Cell membrane;Lipoprotein;Membrane;Palmitate;Phosphate transport;Reference proteome;Signal;Transport;Virulence
P9WGU1,PstS family,"SUBCELLULAR LOCATION: Cell membrane {ECO:0000305}; Lipid-anchor {ECO:0000305|PubMed:1906192}. Cell surface {ECO:0000269|PubMed:1612766, ECO:0000269|PubMed:25359607}. Secreted, cell wall {ECO:0000269|PubMed:10426995}. Secreted {ECO:0000305|PubMed:16622205, ECO:0000305|PubMed:1906192}. Note=A soluble cell wall-associated protein (PubMed:10426995). Also found in culture filtrate in increasing quantities during growth (PubMed:16622205, PubMed:1906192). {ECO:0000269|PubMed:10426995, ECO:0000269|PubMed:16622205, ECO:0000269|PubMed:1906192}.",PF12849;,GO:0005576; GO:0005829; GO:0005886; GO:0006817; GO:0007155; GO:0009274; GO:0009986; GO:0016036; GO:0035435; GO:0042301; GO:0043190,3D-structure;Cell adhesion;Cell membrane;Cell wall;Glycoprotein;Lipoprotein;Membrane;Palmitate;Phosphate transport;Reference proteome;Secreted;Signal;Transport;Virulence
P9WH05,"DEAD box helicase family, DeaD/CsdA subfamily",SUBCELLULAR LOCATION: Cytoplasm {ECO:0000255|HAMAP-Rule:MF_00964}.,PF03880;PF00270;PF25399;PF00271;,GO:0000027; GO:0003724; GO:0005524; GO:0005829; GO:0006401; GO:0009274; GO:0009409; GO:0016887; GO:0033592; GO:0070417,ATP-binding;Cytoplasm;Helicase;Hydrolase;Nucleotide-binding;Reference proteome;RNA-binding;Stress response
P9WHE3,Bacterial ribosomal protein bL12 family,,PF00542;PF16320;,GO:0003729; GO:0003735; GO:0005829; GO:0005886; GO:0006412; GO:0009274; GO:0019843; GO:0022625,Reference proteome;Ribonucleoprotein;Ribosomal protein;RNA-binding;rRNA-binding
P9WHM5,GART family,,PF00551;,GO:0000287; GO:0004644; GO:0005737; GO:0005829; GO:0006189; GO:0046653,3D-structure;Magnesium;Metal-binding;Purine biosynthesis;Reference proteome;Transferase
P9WHU5,Peptidase C40 family,,PF00877;,GO:0006508; GO:0008234; GO:0008745; GO:0009274; GO:0071554; GO:0071555,3D-structure;Cell wall biogenesis/degradation;Hydrolase;Protease;Reference proteome;Signal;Thiol protease
P9WHV9,Polyphosphate kinase 1 (PPK1) family,,PF02503;PF13090;PF17941;PF13089;,GO:0000287; GO:0005524; GO:0005886; GO:0006799; GO:0008976; GO:0009358; GO:0016020; GO:0071456,ATP-binding;Kinase;Magnesium;Metal-binding;Nucleotide-binding;Phosphoprotein;Reference proteome;Transferase
P9WHW9,Mycobacterial PPE family,"SUBCELLULAR LOCATION: Secreted, cell wall {ECO:0000269|PubMed:14573626, ECO:0000269|PubMed:15039340}. Cell membrane {ECO:0000269|PubMed:14573626, ECO:0000269|PubMed:15039340}. Cell surface {ECO:0000269|PubMed:24467650}. Note=Detected predominantly in the membrane and cell wall fractions. {ECO:0000269|PubMed:14573626, ECO:0000269|PubMed:15039340}.",PF00823;,GO:0005886; GO:0009986; GO:0052572,Cell membrane;Cell wall;Membrane;Reference proteome;Secreted;Virulence
P9WHY3,Mycobacterial PPE family,"SUBCELLULAR LOCATION: Cell outer membrane {ECO:0000269|PubMed:32139546, ECO:0000305|PubMed:35136132}.",PF00823;PF12484;,GO:0009274; GO:0009279; GO:0015155; GO:0015168; GO:0015254; GO:0015267; GO:0015574; GO:0015767; GO:0015771; GO:0015793; GO:0035821; GO:0042594; GO:0042783; GO:0052572; GO:0055056; GO:0071466; GO:0140321; GO:1904659; GO:1904981,Acetylation;Cell outer membrane;Membrane;Reference proteome;Transport;Virulence
P9WHY9,Mycobacterial PPE family,,PF00823;PF18878;,GO:0052572,Reference proteome
P9WHZ5,Mycobacterial PPE family,,PF08237;PF00823;,GO:0052167; GO:0052572,Reference proteome
P9WHZ7,Mycobacterial PPE family,,PF01469;PF00823;,GO:0052572,Reference proteome
P9WI03,Mycobacterial PPE family,,PF00823;PF12484;,GO:0010961; GO:0052572; GO:1903830,Reference proteome
P9WI05,Mycobacterial PPE family,"SUBCELLULAR LOCATION: Secreted, cell wall {ECO:0000269|PubMed:24525621}. Cell surface {ECO:0000269|PubMed:24525621}.",PF00823;PF12484;,GO:0009986; GO:0010961; GO:0052572; GO:0141184; GO:1903830,Cell wall;Direct protein sequencing;Reference proteome;Secreted;Virulence
P9WI07,Mycobacterial PPE family,,PF00823;PF12484;,GO:0052572,Reference proteome
P9WI19,Mycobacterial PPE family,,PF00823;PF12484;,GO:0052572,Reference proteome
P9WI21,Mycobacterial PPE family,SUBCELLULAR LOCATION: Cell membrane {ECO:0000305}; Multi-pass membrane protein {ECO:0000305}.,PF01469;PF00823;,GO:0005886; GO:0052572,Cell membrane;Membrane;Reference proteome;Transmembrane;Transmembrane helix
P9WI23,Mycobacterial PPE family,SUBCELLULAR LOCATION: Secreted {ECO:0000269|PubMed:26729876}. Note=Secreted via the ESX-3 / type VII secretion system (T7SS) (PubMed:26729876). Secretion is dependent on EsxG and EsxH (PubMed:26729876). {ECO:0000269|PubMed:26729876}.,PF00823;PF18878;,GO:0005576; GO:0052572,Reference proteome;Secreted
P9WI27,Mycobacterial PPE family,"SUBCELLULAR LOCATION: Secreted, cell wall {ECO:0000269|PubMed:22427668, ECO:0000269|PubMed:23469198}. Cell surface {ECO:0000269|PubMed:23469198}. Note=Not secreted but surface exposed. Mainly localized in the cell wall fraction regardless of PE11 co-expression. {ECO:0000269|PubMed:23469198}.",PF00823;PF12484;,GO:0009986; GO:0052572,Cell wall;Reference proteome;Secreted;Virulence
P9WI33,Mycobacterial PPE family,,PF00823;PF12484;,GO:0052572,Reference proteome
P9WI37,Mycobacterial PPE family,,PF01469;PF00823;,GO:0052572,Reference proteome
P9WI41,Mycobacterial PPE family,SUBCELLULAR LOCATION: Secreted {ECO:0000269|PubMed:19602152}. Note=Secreted via the ESX-5 / type VII secretion system (T7SS). {ECO:0000269|PubMed:19602152}.,PF01469;PF00823;,GO:0005576; GO:0042783; GO:0052572,Reference proteome;Secreted
P9WI43,Mycobacterial PPE family,SUBCELLULAR LOCATION: Cell membrane {ECO:0000305}; Multi-pass membrane protein {ECO:0000255}.,PF00823;PF18878;,GO:0005886; GO:0052572,3D-structure;Cell membrane;Membrane;Reference proteome;Transmembrane;Transmembrane helix
P9WI45,Mycobacterial PPE family,,PF00823;PF18878;,GO:0052572,Reference proteome
P9WI47,Mycobacterial PPE family,"SUBCELLULAR LOCATION: Secreted {ECO:0000269|PubMed:23448669}. Host cytoplasm {ECO:0000269|PubMed:28071726, ECO:0000305|PubMed:23448669}. Host nucleus {ECO:0000269|PubMed:28071726}. Note=Translocated into the macrophage nucleus via the classical importin alpha/beta pathway. {ECO:0000269|PubMed:28071726}.",PF00823;PF18878;,GO:0005576; GO:0005829; GO:0005886; GO:0030430; GO:0042025; GO:0052572,Host cytoplasm;Host nucleus;Reference proteome;Secreted;Virulence
P9WI79,"Protein kinase superfamily, Ser/Thr protein kinase family",SUBCELLULAR LOCATION: Cell membrane {ECO:0000305}; Single-pass membrane protein {ECO:0000305}.,PF01436;PF00069;,GO:0004672; GO:0004674; GO:0005524; GO:0005576; GO:0005829; GO:0005886; GO:0009274; GO:0016036; GO:0030145; GO:0045717; GO:0106310,3D-structure;Acetylation;ATP-binding;Cell membrane;Kinase;Membrane;Nucleotide-binding;Phosphoprotein;Reference proteome;Repeat;Serine/threonine-protein kinase;Transferase;Transmembrane;Transmembrane helix;Virulence
P9WIB5,Bacterial phospholipase C family,"SUBCELLULAR LOCATION: Secreted, cell wall {ECO:0000269|PubMed:20736081}. Note=Remains associated with the cell. {ECO:0000269|PubMed:11050656, ECO:0000269|PubMed:20736081, ECO:0000269|PubMed:8757862}.",PF04185;,GO:0004629; GO:0004767; GO:0034480; GO:0052008,Cell wall;Hydrolase;Reference proteome;Secreted;Signal;Virulence
P9WIE5,"Peroxidase family, Peroxidase/catalase subfamily",,PF00141;,GO:0004096; GO:0004601; GO:0005576; GO:0005829; GO:0005886; GO:0006979; GO:0009274; GO:0016677; GO:0020037; GO:0042744; GO:0045739; GO:0046677; GO:0046872; GO:0070301; GO:0070402; GO:0070404,3D-structure;Antibiotic resistance;Heme;Hydrogen peroxide;Iron;Metal-binding;Organic radical;Oxidoreductase;Peroxidase;Reference proteome;Virulence
P9WIM9,,,PF10738;,GO:0005576,3D-structure;Reference proteome;Signal
P9WIN9,RsiV family,SUBCELLULAR LOCATION: Secreted.,PF11738;,GO:0005576; GO:0009267; GO:0009274; GO:0035375,3D-structure;Direct protein sequencing;Reference proteome;Secreted;Signal
P9WIP1,,SUBCELLULAR LOCATION: Secreted.,PF09167;,GO:0005576; GO:0005615; GO:0009274,3D-structure;Direct protein sequencing;Reference proteome;Secreted;Signal
P9WIP9,,SUBCELLULAR LOCATION: Cell surface.,,GO:0005829; GO:0005886; GO:0007157; GO:0008201; GO:0009274; GO:0009986; GO:0042802; GO:0044651,Cell adhesion;Direct protein sequencing;Glycoprotein;Hemagglutinin;Heparin-binding;Reference proteome;Virulence
P9WIR7,Apa family,SUBCELLULAR LOCATION: Secreted {ECO:0000269|PubMed:10531201}. Cell surface {ECO:0000269|PubMed:25359607}.,PF07174;,GO:0005576; GO:0009267; GO:0009986; GO:0050840,3D-structure;Direct protein sequencing;Glycoprotein;Reference proteome;Repeat;Secreted;Signal
P9WJA3,,SUBCELLULAR LOCATION: Secreted {ECO:0000269|PubMed:18640126}. Note=Not seen to be associated with the cell wall.,PF00571;,GO:0001666; GO:0005576; GO:0005829; GO:0005886; GO:0009274; GO:0046872; GO:0052553,3D-structure;CBS domain;Disulfide bond;Metal-binding;Reference proteome;Repeat;Secreted;Zinc
P9WJA9,,,PF00498;,GO:0003729; GO:0005576; GO:0005886; GO:0009274; GO:0042802; GO:0043457; GO:0045820; GO:0140678,3D-structure;Acetylation;Direct protein sequencing;Phosphoprotein;Reference proteome
P9WJC1,,SUBCELLULAR LOCATION: Cytoplasm {ECO:0000305|PubMed:17676952}.,PF27215;,GO:0005829; GO:0005886,3D-structure;Cytoplasm;Reference proteome
P9WJC3,,SUBCELLULAR LOCATION: Secreted {ECO:0000269|PubMed:26228622}.,,GO:0005576,Phosphoprotein;Reference proteome;Secreted;Virulence
P9WJD3,,SUBCELLULAR LOCATION: Cell inner membrane {ECO:0000305}; Single-pass membrane protein {ECO:0000255}. Note=Localizes at or near the cell pole in (on average) 1 discrete spot upon overexpression in M.smegmatis (PubMed:22233444). {ECO:0000269|PubMed:22233444}.,PF18879;,GO:0005886; GO:0051701,Cell inner membrane;Cell membrane;Membrane;Reference proteome;Transmembrane;Transmembrane helix
P9WJD9,EspB family,"SUBCELLULAR LOCATION: Secreted {ECO:0000269|PubMed:17676952, ECO:0000269|PubMed:23869560}. Note=Secreted via the ESX-1 / type VII secretion system (T7SS) (PubMed:17676952). Secretion requires both EspK and EccCb1, but not EspA, EspC and EspD (PubMed:17676952, PubMed:23869560). {ECO:0000269|PubMed:17676952, ECO:0000269|PubMed:23869560}.",PF18625;PF21856;,GO:0005576; GO:0042802; GO:0044315; GO:0051701; GO:0140321,3D-structure;Acetylation;Direct protein sequencing;Reference proteome;Secreted;Virulence
P9WJE1,,"SUBCELLULAR LOCATION: Secreted {ECO:0000269|PubMed:16030141, ECO:0000269|PubMed:20585630, ECO:0000269|PubMed:22155774}. Note=Secreted via the ESX-1 / type VII secretion system (T7SS) (PubMed:16030141). Secretion of EspA, EsxA and EsxB is mutually dependent (PubMed:16030141). {ECO:0000269|PubMed:16030141}.",PF18879;,GO:0005576; GO:0005615; GO:0005886; GO:0044315; GO:0051701; GO:0071766,Disulfide bond;Reference proteome;Secreted;Virulence
P9WJQ9,MobA family,SUBCELLULAR LOCATION: Cytoplasm {ECO:0000255|HAMAP-Rule:MF_00316}.,PF12804;,GO:0005525; GO:0005737; GO:0005886; GO:0006777; GO:0016779; GO:0046872; GO:0061603,Cytoplasm;GTP-binding;Magnesium;Metal-binding;Molybdenum cofactor biosynthesis;Nucleotide-binding;Reference proteome;Transferase
P9WJW7,Major facilitator superfamily,SUBCELLULAR LOCATION: Cell membrane {ECO:0000305}; Multi-pass membrane protein {ECO:0000305}.,PF07690;,GO:0005576; GO:0005886; GO:0022857,Cell membrane;Membrane;Reference proteome;Transmembrane;Transmembrane helix;Transport
P9WK17,"Malate synthase family, GlcB subfamily",SUBCELLULAR LOCATION: Cytoplasm {ECO:0000255|HAMAP-Rule:MF_00641}.,PF20659;PF20656;PF01274;PF20658;,GO:0000287; GO:0001968; GO:0004474; GO:0005576; GO:0005737; GO:0005829; GO:0005886; GO:0006097; GO:0006099; GO:0009274; GO:0009436; GO:0009986; GO:0015936; GO:0042603; GO:0042803; GO:0043236; GO:0044406; GO:0046810; GO:0120225,3D-structure;Cytoplasm;Glyoxylate bypass;Magnesium;Metal-binding;Oxidation;Reference proteome;Transferase;Tricarboxylic acid cycle
P9WK31,LysE/ArgO transporter (TC 2.A.75) family,SUBCELLULAR LOCATION: Cell inner membrane {ECO:0000305}; Multi-pass membrane protein {ECO:0000255}.,PF01810;,GO:0005886; GO:0006865; GO:0015171,Amino-acid transport;Cell inner membrane;Cell membrane;Membrane;Reference proteome;Transmembrane;Transmembrane helix;Transport
P9WK61,Mycobacterial 19 kDa antigen family,"SUBCELLULAR LOCATION: Cell membrane {ECO:0000269|PubMed:25041568, ECO:0000305}; Lipid-anchor {ECO:0000305|PubMed:1906192}. Secreted, cell wall {ECO:0000269|PubMed:10426995, ECO:0000269|PubMed:16098710}. Cell surface {ECO:0000269|PubMed:25041568, ECO:0000269|PubMed:25359607}. Secreted {ECO:0000269|PubMed:16098710, ECO:0000305|PubMed:1906192}. Extracellular vesicle, bacterial extracellular vesicle {ECO:0000269|PubMed:21364279}. Host cytoplasm {ECO:0000269|PubMed:11123323}. Note=A soluble cell wall-associated protein (PubMed:10426995). Also found in culture filtrate in increasing quantities during growth (PubMed:16098710, PubMed:1906192). Following infection of mouse macrophage cell line J774A.1 with live (but not heat-killed) bacteria the protein is released in host cytoplasm at 1 hr but decreases dramatically by 3 hrs: release into the host requires protein lipidation and traffics from the immature phagosome through the host class I MHC antigen peptide presentation pathway (PubMed:11123323). Present in bacterial extracytoplasmic vesicles, both in mouse macrophages and in culture media (PubMed:21364279). Immunoelectron microscopy indicates this protein is close to the cell surface (PubMed:25041568). {ECO:0000269|PubMed:10426995, ECO:0000269|PubMed:11123323, ECO:0000269|PubMed:16098710, ECO:0000269|PubMed:1906192, ECO:0000269|PubMed:21364279, ECO:0000269|PubMed:25041568}.",PF05481;,GO:0005886; GO:0009274; GO:0009986; GO:0030430; GO:0042742; GO:0046789; GO:0051701; GO:0052553; GO:0097691,3D-structure;Cell membrane;Cell wall;Disulfide bond;Glycoprotein;Host cytoplasm;Lipoprotein;Membrane;Palmitate;Reference proteome;Secreted;Signal;Transport;Virulence
P9WK79,Mycobacteriales LppA/LppB family,SUBCELLULAR LOCATION: Cell membrane {ECO:0000305}; Lipid-anchor {ECO:0000305}.,PF16708;,GO:0005576; GO:0005886,Cell membrane;Lipoprotein;Membrane;Palmitate;Reference proteome;Signal
P9WKH9,,,PF13276;PF00665;,GO:0003677; GO:0005886; GO:0006310; GO:0015074; GO:0032196,DNA recombination;DNA-binding;Reference proteome;Transposable element;Transposition
P9WKL1,Isocitrate and isopropylmalate dehydrogenases family,,PF00180;,GO:0000287; GO:0004450; GO:0005886; GO:0006097; GO:0006099; GO:0006102; GO:0008270; GO:0051287,3D-structure;Acetylation;Glyoxylate bypass;Magnesium;Manganese;Metal-binding;NADP;Oxidoreductase;Reference proteome;Tricarboxylic acid cycle
P9WL51,,,,,Reference proteome
P9WL63,,,PF18844;,GO:0001666; GO:0005829; GO:0005886; GO:0009274,3D-structure;Coiled coil;Direct protein sequencing;Reference proteome
P9WL75,YajC family,SUBCELLULAR LOCATION: Cell membrane {ECO:0000255}; Single-pass membrane protein {ECO:0000255}.,PF02699;,GO:0005886; GO:0015031,Cell membrane;Membrane;Protein transport;Reference proteome;Translocation;Transmembrane;Transmembrane helix;Transport
P9WLS9,,SUBCELLULAR LOCATION: Cell membrane {ECO:0000305}; Multi-pass membrane protein {ECO:0000305}.,PF27099;,GO:0005886,Cell membrane;Membrane;Reference proteome;Transmembrane;Transmembrane helix
P9WMF9,,"SUBCELLULAR LOCATION: Cytoplasm {ECO:0000305}.; SUBCELLULAR LOCATION: Host cytoplasmic vesicle, host phagosome {ECO:0000269|PubMed:10970762}. Note=(Microbial infection) In human monocytes after in vitro infection (PubMed:10970762). {ECO:0000269|PubMed:10970762}.",PF00196;PF00072;,GO:0000160; GO:0000976; GO:0001666; GO:0003677; GO:0003700; GO:0005615; GO:0005829; GO:0005886; GO:0006351; GO:0006355; GO:0009274; GO:0022611; GO:0044161; GO:0045893; GO:0072493,3D-structure;Activator;Cytoplasm;DNA-binding;Host cytoplasmic vesicle;Phosphoprotein;Reference proteome;Transcription;Transcription regulation;Two-component regulatory system
P9WMJ9,Heat shock protein 70 family,"SUBCELLULAR LOCATION: Cytoplasm {ECO:0000305}. Secreted, capsule {ECO:0000269|PubMed:19470749}. Cell surface {ECO:0000269|PubMed:19470749}. Extracellular vesicle, bacterial extracellular vesicle {ECO:0000269|PubMed:21364279}. Note=Although thought of as a cytoplasmic chaperone this protein is routinely found extracellularly in the absence of cell lysis (PubMed:19470749). Present in extracytoplasmic vesicles (PubMed:21364279). {ECO:0000269|PubMed:19470749, ECO:0000269|PubMed:21364279}.",PF00012;,GO:0001968; GO:0005524; GO:0005576; GO:0005829; GO:0005886; GO:0006457; GO:0009274; GO:0009408; GO:0009986; GO:0010756; GO:0016887; GO:0031072; GO:0035375; GO:0042026; GO:0042603; GO:0044183; GO:0046677; GO:0046688; GO:0051082; GO:0071451; GO:0097691,3D-structure;ATP-binding;Chaperone;Cytoplasm;Nucleotide-binding;Phosphoprotein;Reference proteome;Secreted;Stress response
P9WMK1,Small heat shock protein (HSP20) family,"SUBCELLULAR LOCATION: Cytoplasm {ECO:0000269|PubMed:1563797}. Secreted, cell wall {ECO:0000269|PubMed:1563797}. Note=Probably the external side of the cell wall; the protein is very abundant in older organisms and surface coating could be the result of autolysis of older organisms.",PF00011;,GO:0001666; GO:0005829; GO:0005886; GO:0006457; GO:0009267; GO:0009274; GO:0009408; GO:0009651; GO:0010039; GO:0042542; GO:0044183; GO:0045926; GO:0051082; GO:0051259; GO:0051409; GO:0071456; GO:0075136,Cell wall;Chaperone;Cytoplasm;Direct protein sequencing;Isopeptide bond;Reference proteome;Secreted;Ubl conjugation
P9WMX7,Glycosyltransferase 2 family,,PF00535;,GO:0009247; GO:0016020; GO:0016757; GO:0016758,Glycosyltransferase;Reference proteome;Transferase
P9WN09,Glycosyltransferase 28 family,,PF06722;,GO:0005886; GO:0008194; GO:0009247; GO:0016758,Glycosyltransferase;Reference proteome;Transferase
P9WNE5,"Ferritin-like superfamily, Prokaryotic family","SUBCELLULAR LOCATION: Encapsulin nanocompartment {ECO:0000269|PubMed:24855650}. Note=Forms an approximately 12 nm shell inside the encapsulin nanocompartment, suggesting the latter encapsulates the entire 24-subunit homooligomer. {ECO:0000305|PubMed:24855650}.",PF00210;,GO:0001666; GO:0004322; GO:0005576; GO:0005737; GO:0005829; GO:0005886; GO:0006826; GO:0006879; GO:0008198; GO:0008199; GO:0009274; GO:0051409; GO:0140315; GO:0140737,3D-structure;Direct protein sequencing;Encapsulin nanocompartment;Iron;Iron storage;Metal-binding;Oxidoreductase;Reference proteome;Virulence
P9WNF3,,"SUBCELLULAR LOCATION: Cell membrane {ECO:0000255|PROSITE-ProRule:PRU00303, ECO:0000305|PubMed:22567094, ECO:0000305|PubMed:8633206}; Lipid-anchor {ECO:0000255|PROSITE-ProRule:PRU00303}. Secreted, cell wall {ECO:0000305|PubMed:22567094}. Secreted {ECO:0000250|UniProtKB:P0CAX7}.",PF02469;,GO:0005576; GO:0005615; GO:0005886; GO:0007155; GO:0030198; GO:0031012; GO:0050839,Cell membrane;Cell wall;Glycoprotein;Lipoprotein;Membrane;Palmitate;Reference proteome;Secreted;Signal
P9WNF5,,SUBCELLULAR LOCATION: Secreted.,PF02469;,GO:0005576; GO:0005615; GO:0007155; GO:0030198; GO:0031012; GO:0050839,3D-structure;Reference proteome;Secreted;Signal
P9WNI7,"WXG100 family, ESAT-6 subfamily","SUBCELLULAR LOCATION: Secreted {ECO:0000269|PubMed:12919853, ECO:0000269|PubMed:17443846}. Note=Probably secreted via the ESX-5 / type VII secretion system (T7SS). {ECO:0000305|PubMed:19876390}.",PF06013;,GO:0005576; GO:0005886; GO:0009274,3D-structure;Reference proteome;Secreted;Virulence
P9WNJ3,"WXG100 family, ESAT-6 subfamily","SUBCELLULAR LOCATION: Secreted {ECO:0000269|PubMed:22340629, ECO:0000269|PubMed:22925462}. Note=Secreted via the ESX-5 / type VII secretion system (T7SS). {ECO:0000269|PubMed:22340629, ECO:0000269|PubMed:22925462}.",PF06013;,GO:0005576; GO:0005886; GO:0009274,Reference proteome;Secreted
P9WNK3,"WXG100 family, ESAT-6 subfamily","SUBCELLULAR LOCATION: Secreted {ECO:0000269|PubMed:24204276}. Note=Secreted via the ESX-3 / type VII secretion system (T7SS). {ECO:0000305|PubMed:21730061, ECO:0000305|PubMed:24204276}.",PF06013;,GO:0005576; GO:0005829; GO:0046872; GO:0097013,3D-structure;Direct protein sequencing;Metal-binding;Reference proteome;Secreted;Virulence;Zinc
P9WNK5,"WXG100 family, CFP-10 subfamily","SUBCELLULAR LOCATION: Secreted {ECO:0000269|PubMed:14557536, ECO:0000269|PubMed:15378760, ECO:0000269|PubMed:16048998, ECO:0000269|PubMed:9846755}. Secreted, cell wall {ECO:0000269|PubMed:19906174}. Host cell surface {ECO:0000269|PubMed:15973432, ECO:0000269|PubMed:19265145}. Host endoplasmic reticulum {ECO:0000269|PubMed:25356553}. Note=Probably secreted via the ESX-1 / type VII secretion system (T7SS) (PubMed:19876390). Binds to CD14+ and CD19+ host (human) cells (PubMed:19265145). Localized on the cell surface of host (human) cell monocytes and macrophages (often in patches), but not fibroblasts (PubMed:15973432). Exogenous EsxA and EsxA-EsxB complex can enter host (human and mouse) endoplasmic reticulum (PubMed:25356553). {ECO:0000269|PubMed:15973432, ECO:0000269|PubMed:19265145, ECO:0000269|PubMed:19876390, ECO:0000269|PubMed:25356553}.",PF06013;,GO:0005576; GO:0005886; GO:0009274; GO:0044165; GO:0044228; GO:0044315; GO:0046812,3D-structure;Acetylation;Cell wall;Chaperone;Coiled coil;Direct protein sequencing;Host endoplasmic reticulum;Reference proteome;Secreted;Virulence
P9WNK7,"WXG100 family, ESAT-6 subfamily","SUBCELLULAR LOCATION: Secreted {ECO:0000269|PubMed:14557536, ECO:0000269|PubMed:14557547, ECO:0000269|PubMed:15378760, ECO:0000269|PubMed:16030141, ECO:0000269|PubMed:16048998, ECO:0000269|PubMed:7729876, ECO:0000269|PubMed:7897219}. Secreted, cell wall {ECO:0000269|PubMed:19906174}. Host cell surface {ECO:0000269|PubMed:15973432, ECO:0000269|PubMed:17486091, ECO:0000269|PubMed:19265145}. Host cytoplasm {ECO:0000269|PubMed:20148899}. Host endoplasmic reticulum {ECO:0000269|PubMed:25356553}. Host cell membrane {ECO:0000305|PubMed:25645924, ECO:0000305|PubMed:26801203}. Note=Probably secreted via the ESX-1 / type VII secretion system (T7SS) (PubMed:19876390). Secreted protein binds to bacterial cell wall (PubMed:19906174). Binds to host (mouse) TLR2 on the cell surface (PubMed:17486091). Binds to CD4+, CD8+, CD14+ and CD19+ host (human) cells (PubMed:19265145). Localized on the cell surface of host (human) cell monocytes and macrophages (often in patches), but not fibroblasts (PubMed:15973432). Exogenous EsxA and EsxA-EsxB complex can enter host (human and mouse) endoplasmic reticulum, where they bind beta-2-microglobulin (PubMed:25356553). At acidic pH able to form pores in artificial membranes, might form pores in host phagosome membranes in absence of EsxB, allowing escape of bacteria into the host cytoplasm (PubMed:25645924, PubMed:26801203). The central pair of alpha helices probably insert into the membrane while the N- and C-terminal arms do not, but may rest on the membrane surface as they are required for membrane insertion (PubMed:25645924). {ECO:0000269|PubMed:15973432, ECO:0000269|PubMed:17486091, ECO:0000269|PubMed:19265145, ECO:0000269|PubMed:19876390, ECO:0000269|PubMed:19906174, ECO:0000269|PubMed:25356553, ECO:0000269|PubMed:25645924, ECO:0000305|PubMed:25645924, ECO:0000305|PubMed:26801203}.",PF06013;,GO:0005576; GO:0005737; GO:0005829; GO:0005886; GO:0009274; GO:0020002; GO:0042803; GO:0044165; GO:0044228; GO:0044315; GO:0046812; GO:0052027; GO:0052085; GO:0052170,3D-structure;Acetylation;Apoptosis;Cell wall;Coiled coil;Direct protein sequencing;Host cell membrane;Host cytoplasm;Host endoplasmic reticulum;Host membrane;Membrane;Reference proteome;Secreted;Transmembrane;Transmembrane helix;Virulence
P9WNU5,DNA polymerase type-A family,,PF01367;PF02739;PF00476;PF22619;,GO:0003677; GO:0003887; GO:0005886; GO:0006261; GO:0006302; GO:0008408; GO:0008409; GO:0009274,DNA damage;DNA repair;DNA replication;DNA-binding;DNA-directed DNA polymerase;Exonuclease;Hydrolase;Nuclease;Nucleotidyltransferase;Reference proteome;Transferase
P9WP43,Cutinase family,"SUBCELLULAR LOCATION: Secreted {ECO:0000269|PubMed:19225166, ECO:0000269|PubMed:9673225}.",PF01083;,GO:0005576; GO:0009274; GO:0016042; GO:0016298; GO:0019626; GO:0034338; GO:0047372; GO:0051793; GO:0052651; GO:0106435,Direct protein sequencing;Disulfide bond;Hydrolase;Reference proteome;Secreted;Serine esterase;Signal;Virulence
P9WPD5,Citrate synthase family,,PF00285;,GO:0005829; GO:0005886; GO:0006099; GO:0036440,3D-structure;Allosteric enzyme;Isopeptide bond;Reference proteome;Transferase;Tricarboxylic acid cycle;Ubl conjugation
P9WPE5,GroES chaperonin family,SUBCELLULAR LOCATION: Cytoplasm {ECO:0000255|HAMAP-Rule:MF_00580}.,PF00166;,GO:0005524; GO:0005576; GO:0005829; GO:0005886; GO:0006355; GO:0006457; GO:0009274; GO:0009408; GO:0034605; GO:0035375; GO:0044183; GO:0046677; GO:0046872; GO:0051082; GO:0051087,3D-structure;Acetylation;Chaperone;Cytoplasm;Direct protein sequencing;Isopeptide bond;Reference proteome;Stress response;Ubl conjugation
P9WPE7,Chaperonin (HSP60) family,"SUBCELLULAR LOCATION: Secreted, capsule {ECO:0000269|PubMed:19470749, ECO:0000269|PubMed:20633027}. Cell surface {ECO:0000269|PubMed:19470749, ECO:0000269|PubMed:20633027}. Secreted, cell wall {ECO:0000269|PubMed:24830429}. Note=Although thought of as a cytoplasmic chaperone this protein is routinely found extracellularly in the absence of cell lysis. {ECO:0000305|PubMed:19470749}.; SUBCELLULAR LOCATION: [Cleaved form]: Secreted {ECO:0000269|PubMed:24830429}. Host mitochondrion {ECO:0000269|PubMed:28288970}. Note=Exits phagosomal membrane and reaches macrophage mitochondria. {ECO:0000269|PubMed:28288970}.",PF00118;,GO:0001666; GO:0005524; GO:0005576; GO:0005829; GO:0005886; GO:0006457; GO:0009274; GO:0009408; GO:0009986; GO:0016853; GO:0033650; GO:0042026; GO:0042603; GO:0044406; GO:0051082; GO:0140662; GO:1990220,3D-structure;ATP-binding;Cell wall;Chaperone;Host mitochondrion;Isomerase;Isopeptide bond;Nucleotide-binding;Reference proteome;Secreted;Ubl conjugation;Virulence
P9WPL7,Cytochrome P450 family,SUBCELLULAR LOCATION: Cell membrane {ECO:0000305}; Multi-pass membrane protein {ECO:0000305}.,PF00067;,GO:0004497; GO:0005506; GO:0005886; GO:0016705; GO:0020037,3D-structure;Cell membrane;Heme;Iron;Membrane;Metal-binding;Monooxygenase;Oxidoreductase;Reference proteome;Transmembrane;Transmembrane helix
P9WPQ1,,,PF00364;,,Biotin;Direct protein sequencing;Reference proteome
P9WPU3,"Cation transport ATPase (P-type) (TC 3.A.3) family, Type IA subfamily",SUBCELLULAR LOCATION: Cell membrane {ECO:0000255|HAMAP-Rule:MF_00285}; Multi-pass membrane protein {ECO:0000255|HAMAP-Rule:MF_00285}.,PF00122;PF00702;,GO:0000287; GO:0005524; GO:0005886; GO:0008556; GO:0016887; GO:0031004; GO:0071805; GO:1903103,ATP-binding;Cell membrane;Ion transport;Magnesium;Membrane;Metal-binding;Nucleotide-binding;Phosphoprotein;Potassium;Potassium transport;Reference proteome;Translocase;Transmembrane;Transmembrane helix;Transport
P9WQ27,Glycosyl hydrolase 57 family,,PF09210;PF03065;,GO:0003844; GO:0005576; GO:0005886; GO:0030979,Carbohydrate metabolism;Glycosyltransferase;Reference proteome;Transferase
P9WQ35,Adenylyl cyclase class-4/guanylyl cyclase family,"SUBCELLULAR LOCATION: Cell membrane {ECO:0000269|PubMed:11431477, ECO:0000269|PubMed:11447108}; Multi-pass membrane protein {ECO:0000305}.",PF00211;PF20967;,GO:0000287; GO:0001653; GO:0004016; GO:0004383; GO:0005524; GO:0005886; GO:0006171; GO:0006182; GO:0007168; GO:0030145; GO:0035556,3D-structure;ATP-binding;cAMP biosynthesis;Cell membrane;Lyase;Magnesium;Manganese;Membrane;Metal-binding;Nucleotide-binding;Reference proteome;Transmembrane;Transmembrane helix
P9WQ59,ATP-dependent AMP-binding enzyme family,,PF00501;PF23024;,GO:0004321; GO:0005524; GO:0005829; GO:0005886; GO:0006633; GO:0008610; GO:0016874; GO:0051701; GO:0052170; GO:0070566; GO:0071770,3D-structure;ATP-binding;Fatty acid metabolism;Ligase;Lipid metabolism;Nucleotide-binding;Reference proteome
P9WQB1,AlaDH/PNT family,SUBCELLULAR LOCATION: Secreted {ECO:0000269|PubMed:10527947}.,PF01262;PF05222;,GO:0000166; GO:0000286; GO:0001666; GO:0005576; GO:0005829; GO:0005886; GO:0006524; GO:0009274; GO:0042853; GO:0046872,3D-structure;Direct protein sequencing;Magnesium;Metal-binding;NAD;Nucleotide-binding;Oxidoreductase;Reference proteome;Secreted
P9WQD1,ATP-dependent AMP-binding enzyme family,,PF16177;PF00501;PF13193;,GO:0003987; GO:0005524; GO:0005829; GO:0005886; GO:0006085; GO:0009274; GO:0016208; GO:0019427; GO:0046872,Acetylation;ATP-binding;Ligase;Magnesium;Metal-binding;Nucleotide-binding;Reference proteome
P9WQD7,"Thiolase-like superfamily, Beta-ketoacyl-ACP synthases family",SUBCELLULAR LOCATION: Cytoplasm {ECO:0000305}.,PF00109;PF02801;,GO:0001666; GO:0004315; GO:0005829; GO:0005886; GO:0006633; GO:0009274; GO:0030497; GO:0071768,3D-structure;Acyltransferase;Cytoplasm;Fatty acid biosynthesis;Fatty acid metabolism;Lipid biosynthesis;Lipid metabolism;Phosphoprotein;Reference proteome;Transferase
P9WQF3,Acyl carrier protein (ACP) family,SUBCELLULAR LOCATION: Cytoplasm {ECO:0000250}.,PF00550;,GO:0000035; GO:0000036; GO:0005829; GO:0005886; GO:0006637; GO:0009245; GO:0009274,3D-structure;Cytoplasm;Fatty acid biosynthesis;Fatty acid metabolism;Lipid biosynthesis;Lipid metabolism;Phosphopantetheine;Phosphoprotein;Reference proteome
P9WQM5,Amino acid-polyamine-organocation (APC) superfamily,SUBCELLULAR LOCATION: Cell membrane {ECO:0000305}; Multi-pass membrane protein {ECO:0000305}.,PF13520;,GO:0005886; GO:0022857,Cell membrane;Membrane;Reference proteome;Transmembrane;Transmembrane helix;Transport
P9WQN7,Mycobacterial A85 antigen family,SUBCELLULAR LOCATION: Secreted.,PF00756;,GO:0001968; GO:0005576; GO:0016747; GO:0035375,3D-structure;Acyltransferase;Reference proteome;Secreted;Signal;Transferase
P9WQN9,Mycobacterial A85 antigen family,SUBCELLULAR LOCATION: Secreted {ECO:0000250}.,PF00756;,GO:0004144; GO:0005576; GO:0006869; GO:0009247; GO:0009274; GO:0016020; GO:0016747; GO:0035375; GO:0046677; GO:0050348; GO:0071769,3D-structure;Acyltransferase;Direct protein sequencing;Reference proteome;Secreted;Signal;Transferase
P9WQP1,Mycobacterial A85 antigen family,SUBCELLULAR LOCATION: Secreted {ECO:0000250}.,PF00756;,GO:0001968; GO:0004144; GO:0005576; GO:0005886; GO:0009274; GO:0010756; GO:0016747; GO:0035375; GO:0040009; GO:0046677; GO:0050348; GO:0052572,3D-structure;Acyltransferase;Direct protein sequencing;Disulfide bond;Reference proteome;Secreted;Signal;Transferase
P9WQP3,Mycobacterial A85 antigen family,"SUBCELLULAR LOCATION: Secreted, cell wall. Cytoplasm.",PF00756;,GO:0004144; GO:0005576; GO:0005737; GO:0005886; GO:0009274; GO:0016747; GO:0035375; GO:0050348,3D-structure;Acyltransferase;Cell wall;Cytoplasm;Direct protein sequencing;Disulfide bond;Reference proteome;Secreted;Signal;Transferase
Q06282,Glycerophosphoryl diester phosphodiesterase family,SUBCELLULAR LOCATION: Cell outer membrane; Lipid-anchor.,PF03009;,GO:0006071; GO:0006629; GO:0008889; GO:0009279; GO:0042597; GO:0046872,3D-structure;Calcium;Cell outer membrane;Glycerol metabolism;Hydrolase;Lipoprotein;Membrane;Metal-binding;Palmitate;Reference proteome;Signal
Q06579,Colicins ColE2/ColE8/ColE9 and pyocins S1/S2 family,,PF01320;,GO:0015643; GO:0030153,3D-structure;Bacteriocin immunity;Direct protein sequencing;Reference proteome
Q08860,Bacterial flagellin family,SUBCELLULAR LOCATION: Secreted. Bacterial flagellum.,PF00700;PF00669;PF12445;,GO:0005198; GO:0005576; GO:0009288,Bacterial flagellum;Reference proteome;Secreted
Q0P8M9,,,PF13098;,,Reference proteome;Signal
Q0P9X9,"Binding-protein-dependent transport system permease family, HisMQ subfamily",SUBCELLULAR LOCATION: Cell inner membrane {ECO:0000256|ARBA:ARBA00004429}; Multi-pass membrane protein {ECO:0000256|ARBA:ARBA00004429}. Cell membrane {ECO:0000256|RuleBase:RU363032}; Multi-pass membrane protein {ECO:0000256|RuleBase:RU363032}.,PF00528;,GO:0006865; GO:0022857; GO:0043190,Amino-acid transport;Cell membrane;Membrane;Reference proteome;Transmembrane;Transmembrane helix;Transport
Q0PAK5,,,PF00005;,GO:0005524; GO:0016887; GO:0043190; GO:0055085,ATP-binding;Nucleotide-binding;Reference proteome;Transport
Q0PBH5,"Peroxiredoxin family, AhpC/Prx1 subfamily",,PF10417;PF00578;,GO:0005829; GO:0006979; GO:0008379; GO:0016787; GO:0033554; GO:0042744; GO:0045454,Disulfide bond;Hydrolase;Oxidoreductase;Peroxidase;Redox-active center;Reference proteome
Q0PC24,Pal lipoprotein family,SUBCELLULAR LOCATION: Cell outer membrane {ECO:0000256|HAMAP-Rule:MF_02204}; Lipid-anchor {ECO:0000256|HAMAP-Rule:MF_02204}.,PF00691;,GO:0009279; GO:0051301,Cell cycle;Cell division;Cell outer membrane;Lipoprotein;Membrane;Palmitate;Reference proteome;Signal
Q2FUX4,Peptidase M4 family,SUBCELLULAR LOCATION: Secreted {ECO:0000256|RuleBase:RU366073}.,PF07504;PF03413;PF01447;PF02868;,GO:0004222; GO:0005576; GO:0006508; GO:0046872,Hydrolase;Metal-binding;Metalloprotease;Protease;Reference proteome;Secreted;Signal;Zinc;Zymogen
Q2FUY2,Serine-aspartate repeat-containing protein (SDr) family,"SUBCELLULAR LOCATION: Secreted, cell wall {ECO:0000255|PROSITE-ProRule:PRU00477, ECO:0000269|PubMed:18800056, ECO:0000305|PubMed:11830639}; Peptidoglycan-anchor {ECO:0000255|PROSITE-ProRule:PRU00477, ECO:0000305|PubMed:11830639}. Note=Found in a ring-like distribution on the cell surface (PubMed:18800056). Colocalizes with SdrD (PubMed:18800056). Anchored to the cell wall by sortase A (Probable). {ECO:0000269|PubMed:18800056, ECO:0000305|PubMed:11830639}.",PF17961;PF00746;PF10425;PF04650;,GO:0007155,Cell wall;Peptidoglycan-anchor;Reference proteome;Secreted;Signal;Virulence
Q2FVI5,"Major facilitator superfamily, Bcr/CmlA family","SUBCELLULAR LOCATION: Cell membrane {ECO:0000256|ARBA:ARBA00004651, ECO:0000256|RuleBase:RU365088}; Multi-pass membrane protein {ECO:0000256|ARBA:ARBA00004651, ECO:0000256|RuleBase:RU365088}.",PF07690;,GO:0005886; GO:0022857; GO:0042910; GO:0055085; GO:1990961,Cell membrane;Membrane;Reference proteome;Transmembrane;Transmembrane helix;Transport
Q2FVK2,Aerolysin family,SUBCELLULAR LOCATION: Secreted {ECO:0000269|PubMed:20472795}.,PF07968;,GO:0005576; GO:0051715; GO:0090729,Cytolysis;Hemolysis;Reference proteome;Secreted;Signal;Toxin;Virulence
Q2FWC4,Peptidase M20A family,,PF07687;PF01546;,GO:0005737; GO:0016805; GO:0046657; GO:0071713,Reference proteome
Q2FWM6,,,PF05931;,,Reference proteome
Q2FWN4,Chaperonin (HSP60) family,SUBCELLULAR LOCATION: Cytoplasm {ECO:0000255|HAMAP-Rule:MF_00600}.,PF00118;,GO:0005524; GO:0006457; GO:0009408; GO:0016853; GO:0042026; GO:0051082; GO:0140662; GO:1990220,ATP-binding;Chaperone;Cytoplasm;Isomerase;Nucleotide-binding;Reference proteome
Q2FWP0,Aerolysin family,SUBCELLULAR LOCATION: Secreted {ECO:0000269|PubMed:20472795}.,PF07968;,GO:0005576; GO:0051715,3D-structure;Reference proteome;Secreted;Signal
Q2FWV3,Staphylokinase family,,PF02821;,GO:0005576,Plasminogen activation;Reference proteome;Signal
Q2FXA5,"Protoporphyrinogen/coproporphyrinogen oxidase family, Coproporphyrinogen III oxidase subfamily",SUBCELLULAR LOCATION: Cytoplasm {ECO:0000305}.,PF01593;,GO:0004729; GO:0005737; GO:0006783; GO:0016491,Cytoplasm;FAD;Flavoprotein;Heme biosynthesis;Oxidoreductase;Reference proteome
Q2FXB0,Aerolysin family,SUBCELLULAR LOCATION: Secreted {ECO:0000250}.,PF07968;,GO:0005576; GO:0051715; GO:0090729,3D-structure;Cytolysis;Hemolysis;Reference proteome;Secreted;Signal;Toxin;Virulence
Q2FXJ6,Peptidase S1C family,SUBCELLULAR LOCATION: Cell membrane {ECO:0000256|ARBA:ARBA00004162}; Single-pass membrane protein {ECO:0000256|ARBA:ARBA00004162}.,PF13180;PF13365;,GO:0004252; GO:0005886; GO:0006508,Hydrolase;Membrane;Protease;Reference proteome;Serine protease;Transmembrane;Transmembrane helix
Q2FXN2,,SUBCELLULAR LOCATION: Cell membrane {ECO:0000256|ARBA:ARBA00004651}; Multi-pass membrane protein {ECO:0000256|ARBA:ARBA00004651}.,PF00324;,GO:0005886; GO:0006865; GO:0022857,Amino-acid transport;Cell membrane;Membrane;Reference proteome;Transmembrane;Transmembrane helix;Transport
Q2FXX5,Staphylococcal/streptococcal toxin family,,PF02876;PF01123;,GO:0005576; GO:0090729,Disulfide bond;Enterotoxin;Reference proteome;Signal;Superantigen;Toxin
Q2FY60,6-phosphogluconate dehydrogenase family,,PF00393;PF03446;,GO:0004616; GO:0005829; GO:0009051; GO:0019521; GO:0050661,Gluconate utilization;NADP;Oxidoreductase;Pentose shunt;Reference proteome
Q2FYP2,,,PF00005;PF12848;,GO:0005524; GO:0016887,ATP-binding;Coiled coil;Nucleotide-binding;Reference proteome;Repeat
Q2FZ93,"Glycosyltransferase 4 family, MraY subfamily","SUBCELLULAR LOCATION: Cell membrane {ECO:0000255|HAMAP-Rule:MF_00038, ECO:0000269|PubMed:10564498}; Multi-pass membrane protein {ECO:0000255|HAMAP-Rule:MF_00038, ECO:0000269|PubMed:10564498}.",PF00953;,GO:0005886; GO:0008360; GO:0008963; GO:0009252; GO:0016780; GO:0044038; GO:0046872; GO:0051301; GO:0071555,Cell cycle;Cell division;Cell membrane;Cell shape;Cell wall biogenesis/degradation;Magnesium;Membrane;Metal-binding;Peptidoglycan synthesis;Reference proteome;Transferase;Transmembrane;Transmembrane helix
Q2FZ94,Transpeptidase family,SUBCELLULAR LOCATION: Membrane {ECO:0000256|ARBA:ARBA00004370}.,PF03793;PF03717;PF00905;,GO:0005886; GO:0008658; GO:0071555,3D-structure;Membrane;Reference proteome;Transmembrane;Transmembrane helix
Q2FZB1,Staphylococcal/streptococcal toxin family,,PF02876;,GO:0005576,Reference proteome
Q2FZB8,,SUBCELLULAR LOCATION: Secreted {ECO:0000256|ARBA:ARBA00004613}.,PF12199;,GO:0001848; GO:0005615; GO:0141066,Reference proteome;Secreted;Signal;Virulence
Q2FZF0,IsdB family,"SUBCELLULAR LOCATION: Secreted, cell wall {ECO:0000250|UniProtKB:A6QG30}; Peptidoglycan-anchor {ECO:0000250|UniProtKB:A6QG30}. Note=Anchored to the cell wall by sortase A. {ECO:0000250|UniProtKB:A6QG30}.",PF00746;PF20861;PF05031;PF04650;,GO:0015232; GO:0046872,3D-structure;Cell wall;Heme;Iron;Metal-binding;Peptidoglycan-anchor;Reference proteome;Repeat;Secreted;Signal;Virulence
Q2G010,,SUBCELLULAR LOCATION: Secreted {ECO:0000256|ARBA:ARBA00004613}.,PF00565;,GO:0003676; GO:0004521; GO:0005576; GO:0006401; GO:0046872; GO:1990599,Calcium;Endonuclease;Hydrolase;Membrane;Metal-binding;Nuclease;Reference proteome;Secreted;Signal;Transmembrane;Transmembrane helix;Zymogen
Q2G015,Serine-aspartate repeat-containing protein (SDr) family,"SUBCELLULAR LOCATION: Secreted, cell wall {ECO:0000255|PROSITE-ProRule:PRU00477, ECO:0000269|PubMed:18800056, ECO:0000305|PubMed:11830639}; Peptidoglycan-anchor {ECO:0000255|PROSITE-ProRule:PRU00477, ECO:0000305|PubMed:11830639}. Note=Found in a ring-like distribution on the cell surface (PubMed:18800056). Does not localize with SasF (PubMed:18800056). Exchanging the ClfA and SasF signal peptides retargets the mature protein on the cell surface (PubMed:18800056). Anchored to the cell wall by sortase A (Probable). {ECO:0000269|PubMed:18800056, ECO:0000305|PubMed:11830639}.",PF17961;PF00746;PF10425;PF04650;,GO:0001968; GO:0007155; GO:0070051; GO:0098630,3D-structure;Cell wall;Peptidoglycan-anchor;Reference proteome;Secreted;Signal;Virulence
Q2G028,Enolase family,SUBCELLULAR LOCATION: Cytoplasm {ECO:0000255|HAMAP-Rule:MF_00318}. Secreted {ECO:0000255|HAMAP-Rule:MF_00318}. Cell surface {ECO:0000255|HAMAP-Rule:MF_00318}. Note=Fractions of enolase are present in both the cytoplasm and on the cell surface. {ECO:0000255|HAMAP-Rule:MF_00318}.,PF00113;PF03952;,GO:0000015; GO:0000287; GO:0004634; GO:0005518; GO:0005576; GO:0006096; GO:0009986; GO:0043236,Cytoplasm;Glycolysis;Lyase;Magnesium;Metal-binding;Reference proteome;Secreted;Virulence
Q2G032,Glyceraldehyde-3-phosphate dehydrogenase family,,PF02800;PF00044;,GO:0004365; GO:0006006; GO:0006096; GO:0050661; GO:0051287,Glycolysis;NAD;Nucleotide-binding;Oxidoreductase;Reference proteome
Q2G034,,,PF16228;,,Membrane;Reference proteome;Transmembrane;Transmembrane helix
Q2G0A2,,SUBCELLULAR LOCATION: Cell membrane {ECO:0000256|ARBA:ARBA00004651}; Multi-pass membrane protein {ECO:0000256|ARBA:ARBA00004651}.,PF07690;,GO:0005886; GO:0022857,3D-structure;Cell membrane;Membrane;Reference proteome;Transmembrane;Transmembrane helix;Transport
Q2G155,"AB hydrolase superfamily, Lipase family",SUBCELLULAR LOCATION: Secreted {ECO:0000269|PubMed:20472795}.,PF24708;PF04650;,GO:0004806; GO:0005576; GO:0016042,3D-structure;Hydrolase;Lipid degradation;Lipid metabolism;Reference proteome;Secreted;Signal;Zymogen
Q2G1E2,"Major facilitator superfamily, Organophosphate:Pi antiporter (OPA) (TC 2.A.1.4) family",SUBCELLULAR LOCATION: Cell membrane {ECO:0000256|ARBA:ARBA00004651}; Multi-pass membrane protein {ECO:0000256|ARBA:ARBA00004651}.,PF07690;,GO:0005886; GO:0015760; GO:0035435; GO:0061513,Membrane;Reference proteome;Transmembrane;Transmembrane helix;Transport
Q2G1K8,CpsC/CapA family,SUBCELLULAR LOCATION: Cell membrane {ECO:0000256|ARBA:ARBA00004651}; Multi-pass membrane protein {ECO:0000256|ARBA:ARBA00004651}.,PF02706;,GO:0000271; GO:0004713; GO:0005351; GO:0005886; GO:0015774,Capsule biogenesis/degradation;Cell membrane;Exopolysaccharide synthesis;Membrane;Reference proteome;Transmembrane;Transmembrane helix
Q2G1N0,Major facilitator superfamily,SUBCELLULAR LOCATION: Cell membrane {ECO:0000305}; Multi-pass membrane protein {ECO:0000255}.,PF07690;PF00083;,GO:0005886; GO:0022857,Cell membrane;Membrane;Reference proteome;Transmembrane;Transmembrane helix;Transport
Q2G1X0,Aerolysin family,"SUBCELLULAR LOCATION: Secreted {ECO:0000269|PubMed:20472795}. Note=Secreted as a monomer. After oligomerization and pore formation, the complex is translocated across the bilayer, probably via the Gly-rich domain of each strand. {ECO:0000250|UniProtKB:P09616}.",PF07968;,GO:0005576; GO:0051715; GO:0090729,3D-structure;Cytolysis;Hemolysis;Reference proteome;Secreted;Signal;Toxin;Virulence
Q2G282,Fur family,SUBCELLULAR LOCATION: Cytoplasm {ECO:0000250}.,PF01475;,GO:0000976; GO:0003700; GO:0005737; GO:0006351; GO:0008270; GO:0045892; GO:1900376,Cytoplasm;DNA-binding;Manganese;Metal-binding;Reference proteome;Repressor;Transcription;Transcription regulation;Zinc
Q2G2D8,Bacterial solute-binding protein 9 family,SUBCELLULAR LOCATION: Cell envelope {ECO:0000256|ARBA:ARBA00004196}.,PF01297;,GO:0007155; GO:0030001; GO:0030313; GO:0046872; GO:0071281,Metal-binding;Reference proteome;Signal;Transport
Q2G2G6,,,PF13273;,,Membrane;Reference proteome;Transmembrane;Transmembrane helix
Q2G2Q0,Type II topoisomerase GyrA/ParC subunit family,SUBCELLULAR LOCATION: Cytoplasm {ECO:0000255|HAMAP-Rule:MF_01897}.,PF03989;PF00521;,GO:0003677; GO:0005524; GO:0005694; GO:0005737; GO:0006261; GO:0006265; GO:0009330; GO:0034335; GO:0046677,3D-structure;Antibiotic resistance;ATP-binding;Cytoplasm;DNA-binding;Isomerase;Nucleotide-binding;Reference proteome;Topoisomerase
Q2G2W1,"Major facilitator superfamily, EmrB family; Major facilitator superfamily, TCR/Tet family",SUBCELLULAR LOCATION: Cell membrane {ECO:0000256|ARBA:ARBA00004651}; Multi-pass membrane protein {ECO:0000256|ARBA:ARBA00004651}.,PF07690;,GO:0005886; GO:0016020; GO:0022857,Cell membrane;Membrane;Reference proteome;Transmembrane;Transmembrane helix;Transport
Q2G2Y0,Staphylococcal/streptococcal toxin family,SUBCELLULAR LOCATION: Secreted {ECO:0000250|UniProtKB:Q2G1S8}.,PF09199;PF02876;,GO:0005576,Reference proteome;Secreted;Signal;Virulence
Q2YKV9,Cu-Zn superoxide dismutase family,,PF00080;,GO:0004784; GO:0005507,Copper;Metal-binding;Oxidoreductase;Reference proteome;Signal;Zinc
Q2YQH3,Pal lipoprotein family,SUBCELLULAR LOCATION: Cell outer membrane {ECO:0000256|HAMAP-Rule:MF_02204}; Lipid-anchor {ECO:0000256|HAMAP-Rule:MF_02204}.,PF00691;,GO:0009279; GO:0051301,Cell cycle;Cell division;Cell outer membrane;Lipoprotein;Membrane;Palmitate;Reference proteome;Signal
Q3XYW0,"ABC transporter superfamily, Energy-coupling factor EcfA family","SUBCELLULAR LOCATION: Cell membrane {ECO:0000256|ARBA:ARBA00004202, ECO:0000256|RuleBase:RU365104}; Peripheral membrane protein {ECO:0000256|ARBA:ARBA00004202, ECO:0000256|RuleBase:RU365104}.",PF00005;,GO:0005524; GO:0016887; GO:0042626; GO:0043190,ATP-binding;Cell membrane;Hydrolase;Membrane;Nucleotide-binding;Reference proteome;Translocase;Transport
Q46409,Chlamydial porin (CP) (TC 1.B.2) family,SUBCELLULAR LOCATION: Cell outer membrane {ECO:0000250}; Multi-pass membrane protein {ECO:0000250}.,PF01308;,GO:0005198; GO:0006811; GO:0008360; GO:0009279; GO:0015288; GO:0046930,Cell outer membrane;Cell shape;Disulfide bond;Ion transport;Membrane;Porin;Reference proteome;Signal;Transmembrane;Transmembrane beta strand;Transport
Q53682,,"SUBCELLULAR LOCATION: Secreted, cell wall {ECO:0000256|ARBA:ARBA00004168}; Peptidoglycan-anchor {ECO:0000256|ARBA:ARBA00004168}.",PF17961;PF02986;PF00746;PF10425;PF04650;,GO:0007155,Cell adhesion;Cell wall;Peptidoglycan-anchor;Repeat;Secreted;Signal;Virulence
Q57193,,,PF01376;,GO:0005576; GO:0046872,3D-structure;Calcium;Metal-binding;Signal
Q60153,,SUBCELLULAR LOCATION: Fimbrium {ECO:0000250}. Membrane {ECO:0000305}; Single-pass membrane protein {ECO:0000305}.,PF07963;PF05946;,GO:0009289; GO:0015627; GO:0015628; GO:0016020; GO:0043230,3D-structure;Disulfide bond;Fimbrium;Membrane;Methylation;Reference proteome;Transmembrane;Transmembrane helix
Q6MX34,,,PF02602;PF00590;,GO:0004851; GO:0004852; GO:0005886; GO:0019354; GO:0032259,Methyltransferase;Porphyrin biosynthesis;Reference proteome;S-adenosyl-L-methionine;Transferase
Q6MX43,Dodecin family,,PF07311;,GO:0005886; GO:0009274; GO:0046872,3D-structure;Calcium;Metal-binding;Reference proteome
Q79FA9,Mycobacterial PPE family,,PF00823;PF12484;,GO:0052572,Reference proteome
Q79FE1,Mycobacterial PPE family,"SUBCELLULAR LOCATION: Secreted {ECO:0000269|PubMed:17076665, ECO:0000269|PubMed:22340629}. Cell surface {ECO:0000269|PubMed:17076665, ECO:0000269|PubMed:22340629}. Note=Secreted via the ESX-5 / type VII secretion system (T7SS). {ECO:0000269|PubMed:17076665, ECO:0000269|PubMed:22340629}.",PF00823;,GO:0005576; GO:0009986; GO:0052572,3D-structure;Reference proteome;Secreted;Virulence
Q79FE6,,,PF00934;,GO:0075071,Reference proteome
Q79FH3,Mycobacterial PPE family,"SUBCELLULAR LOCATION: Cell membrane {ECO:0000269|PubMed:29362230}; Multi-pass membrane protein {ECO:0000255}. Note=In vitro, the N- and C-terminal segments transfected into the human monocytic THP-1 cells are localized to the cytoplasm and nucleus of THP-1 cells, respectively. {ECO:0000269|PubMed:29362230}.",PF00823;PF18878;,GO:0005886; GO:0046872; GO:0052572; GO:0075139,Cell membrane;Iron;Membrane;Metal-binding;Reference proteome;Transmembrane;Transmembrane helix
Q79FZ9,,,PF11887;PF02470;,GO:0003779; GO:0005576; GO:0005886; GO:0007157; GO:0008017; GO:0009274; GO:0044406; GO:0044409; GO:0051701; GO:0085014; GO:0120010; GO:0120014,Membrane;Reference proteome;Transmembrane;Transmembrane helix
Q79GX8,,,PF03797;,GO:0019867,Reference proteome
Q83DT1,Skp family,,PF03938;,GO:0006457; GO:0050821; GO:0051082,Coiled coil;Reference proteome;Signal
Q83EK8,Coxiella porin P1 (CPP1) (TC 1.B.43) family,"SUBCELLULAR LOCATION: Cell outer membrane {ECO:0000269|PubMed:12438349}; Multi-pass membrane protein {ECO:0000269|PubMed:12438349}. Note=Outer membrane location shown for Nine Mile phase I, but not that it actually spans the membrane.",PF13505;,GO:0006811; GO:0009279; GO:0015288; GO:0046930,Cell outer membrane;Direct protein sequencing;Ion transport;Membrane;Pharmaceutical;Porin;Reference proteome;Signal;Transmembrane;Transmembrane beta strand;Transport
Q8Y498,,,PF01116;,GO:0004332; GO:0006096; GO:0008270; GO:0030388,Lyase;Metal-binding;Reference proteome;Zinc
Q8Y4I1,Glyceraldehyde-3-phosphate dehydrogenase family,,PF02800;PF00044;,GO:0004365; GO:0006006; GO:0050661; GO:0051287; GO:0141158,NAD;Nucleotide-binding;Oxidoreductase;Reference proteome
Q8Y863,2-oxoacid dehydrogenase family,,PF00198;PF00364;PF02817;,GO:0016746,Acyltransferase;Lipoyl;Reference proteome;Transferase
Q8YE76,Heat shock protein 70 family,,PF00012;,GO:0005524; GO:0005737; GO:0006457; GO:0016887; GO:0051082,ATP-binding;Chaperone;Nucleotide-binding;Phosphoprotein;Reference proteome;Stress response
Q8YG56,Alphaproteobacteria porin family,SUBCELLULAR LOCATION: Cell outer membrane {ECO:0000250}; Multi-pass membrane protein {ECO:0000250}.,PF02530;,GO:0006811; GO:0009279; GO:0015288; GO:0046930,Cell outer membrane;Ion transport;Membrane;Porin;Reference proteome;Signal;Transmembrane;Transmembrane beta strand;Transport
Q97QS2,Enolase family,"SUBCELLULAR LOCATION: Cytoplasm {ECO:0000255|HAMAP-Rule:MF_00318, ECO:0000269|PubMed:11442827, ECO:0000269|PubMed:12435062}. Secreted {ECO:0000255|HAMAP-Rule:MF_00318, ECO:0000305|PubMed:11442827}. Cell surface {ECO:0000255|HAMAP-Rule:MF_00318, ECO:0000269|PubMed:11442827, ECO:0000269|PubMed:12435062}. Secreted, capsule {ECO:0000269|PubMed:11442827}. Secreted, cell wall {ECO:0000269|PubMed:11442827}. Note=Fractions of enolase are present in both the cytoplasm and on the cell surface; in encapsulated strains it is on the exterior of the capsule (ATCC 11733), in unencapsulated strains it is on the cell wall (R6x) (PubMed:11442827, PubMed:12435062). Extraneously added enolase binds to bacterial cells (PubMed:11442827). The export of enolase might depend on secA2 (By similarity). Once secreted, it remains attached to the cell surface, probably in complex with plasminogen (PubMed:11442827, PubMed:12435062). Detected by antisera of human patients infected with pneumococcal disease (PubMed:12435062). {ECO:0000250|UniProtKB:A0A0H3GN27, ECO:0000269|PubMed:11442827, ECO:0000269|PubMed:12435062}.",PF00113;PF03952;,GO:0000015; GO:0000287; GO:0004634; GO:0005576; GO:0006096; GO:0007155; GO:0009274; GO:0009986; GO:0042603,3D-structure;Cell adhesion;Cell wall;Cytoplasm;Direct protein sequencing;Glycolysis;Lyase;Magnesium;Metal-binding;Reference proteome;Secreted;Virulence
Q9AGE6,Chaperonin (HSP60) family,SUBCELLULAR LOCATION: Cytoplasm {ECO:0000255|HAMAP-Rule:MF_00600}.,PF00118;,GO:0005524; GO:0006457; GO:0009408; GO:0016853; GO:0042026; GO:0051082; GO:0140662; GO:1990220,ATP-binding;Chaperone;Cytoplasm;Isomerase;Nucleotide-binding;Reference proteome
Q9I6J0,Bacterial solute-binding protein PotD/PotF family,SUBCELLULAR LOCATION: Periplasm {ECO:0000255|PIRNR:PIRNR019574}.,PF13416;,GO:0005615; GO:0015846; GO:0015847; GO:0019809; GO:0019810; GO:0030288,3D-structure;Periplasm;Reference proteome;Signal;Transport;Virulence
Q9KMA6,,,PF06296;,,3D-structure;Reference proteome;Toxin-antitoxin system
Q9KPR1,Nucleoside-specific channel-forming outer membrane porin (Tsx) (TC 1.B.10) family,SUBCELLULAR LOCATION: Cell outer membrane {ECO:0000256|ARBA:ARBA00004442}.,PF03502;,GO:0005337; GO:0009279,Cell outer membrane;Membrane;Reference proteome;Signal
Q9KRU4,Multi antimicrobial extrusion (MATE) (TC 2.A.66.1) family,SUBCELLULAR LOCATION: Cell inner membrane {ECO:0000250}; Multi-pass membrane protein {ECO:0000250}.,PF01554;,GO:0005886; GO:0006814; GO:0015297; GO:0016020; GO:0042910; GO:0046677,3D-structure;Antibiotic resistance;Antiport;Cell inner membrane;Cell membrane;Ion transport;Membrane;Reference proteome;Sodium;Sodium transport;Transmembrane;Transmembrane helix;Transport
Q9KSD1,"ABC transporter superfamily, Galactose/methyl galactoside importer (TC 3.A.1.2.3) family",SUBCELLULAR LOCATION: Cell inner membrane {ECO:0000255|HAMAP-Rule:MF_01717}; Peripheral membrane protein {ECO:0000255|HAMAP-Rule:MF_01717}.,PF00005;,GO:0005354; GO:0005524; GO:0005886; GO:0015592; GO:0016887,ATP-binding;Cell inner membrane;Cell membrane;Membrane;Nucleotide-binding;Reference proteome;Repeat;Sugar transport;Translocase;Transport
Q9PHW6,FliD family,SUBCELLULAR LOCATION: Secreted. Bacterial flagellum.,PF07196;PF07195;PF02465;,GO:0005576; GO:0007155; GO:0009421; GO:0009424; GO:0071973,3D-structure;Bacterial flagellum;Coiled coil;Reference proteome;Secreted
Q9PPM0,FlgH family,SUBCELLULAR LOCATION: Cell outer membrane {ECO:0000250}; Lipid-anchor {ECO:0000250}. Bacterial flagellum basal body {ECO:0000250}.,PF02107;,GO:0003774; GO:0009279; GO:0009427; GO:0071973,Bacterial flagellum;Cell outer membrane;Lipoprotein;Membrane;Palmitate;Reference proteome;Signal
Q9S529,Bacterial solute-binding protein 9 family,SUBCELLULAR LOCATION: Periplasm {ECO:0000269|PubMed:19556290}.,PF01297;,GO:0007155; GO:0030001; GO:0042597; GO:0046872; GO:0071281,3D-structure;Iron;Metal-binding;Periplasm;Reference proteome;Signal;Transport
