model,organism,organism_name,group,type,iedb_id,uniprot,start,end,epitope_len,predicted_hits,recall,hit_abs,hit_rel,hit,threshold,K_abs,P_rel,out_of_range,reason
SEMA,ESKAPE,Pseudomonas aeruginosa,bacteria,linear,121,P11439,369,388,20,8.0,0.4,True,True,True,0.51,5,0.25,False,
SEMA,ESKAPE,Pseudomonas aeruginosa,bacteria,linear,571,P04739,127,143,17,15.0,0.882,True,True,True,0.51,5,0.25,False,
SEMA,ESKAPE,Pseudomonas aeruginosa,bacteria,linear,868,P11439,1,16,16,16.0,1.0,True,True,True,0.51,5,0.25,False,
SEMA,ESKAPE,Pseudomonas aeruginosa,bacteria,linear,953,P13794,332,342,11,5.0,0.455,True,True,True,0.51,5,0.25,False,
SEMA,ESKAPE,Pseudomonas aeruginosa,bacteria,linear,2040,P13794,336,342,7,1.0,0.143,False,False,False,0.51,5,0.25,False,
SEMA,ESKAPE,Pseudomonas aeruginosa,bacteria,linear,2052,P11439,595,614,20,14.0,0.7,True,True,True,0.51,5,0.25,False,
SEMA,ESKAPE,Staphylococcus aureus,bacteria,linear,2309,Q2FYP2,357,365,9,0.0,0.0,False,False,False,0.51,5,0.25,False,
SEMA,ESKAPE,Pseudomonas aeruginosa,bacteria,linear,2809,P11439,621,634,14,7.0,0.5,True,True,True,0.51,5,0.25,False,
SEMA,ESKAPE,Staphylococcus aureus,bacteria,linear,3972,Q2FXX5,225,244,20,,,,,,0.51,5,0.25,True,end_pos_exceeds_pred_len(244>234)
SEMA,ESKAPE,Pseudomonas aeruginosa,bacteria,linear,7559,P04739,144,150,7,,,,,,0.51,5,0.25,True,end_pos_exceeds_pred_len(150>149)
SEMA,ESKAPE,Pseudomonas aeruginosa,bacteria,linear,8132,P04739,134,140,18,6.0,0.333,True,True,True,0.51,5,0.25,False,
SEMA,ESKAPE,Pseudomonas aeruginosa,bacteria,linear,8133,P04739,134,140,7,6.0,0.857,True,True,True,0.51,5,0.25,False,
SEMA,ESKAPE,Klebsiella pneumoniae,bacteria,linear,8139,A0A0H3GN17,84,96,13,13.0,1.0,True,True,True,0.51,5,0.25,False,
SEMA,ESKAPE,Staphylococcus aureus,bacteria,linear,8252,P14738,774,783,10,7.0,0.7,True,True,True,0.51,5,0.25,False,
SEMA,ESKAPE,Staphylococcus aureus,bacteria,linear,8254,P14738,849,858,10,8.0,0.8,True,True,True,0.51,5,0.25,False,
SEMA,ESKAPE,Staphylococcus aureus,bacteria,linear,8360,Q2G2Q0,114,130,17,11.0,0.647,True,True,True,0.51,5,0.25,False,
SEMA,ESKAPE,Staphylococcus aureus,bacteria,linear,8599,P14738,772,781,10,8.0,0.8,True,True,True,0.51,5,0.25,False,
SEMA,ESKAPE,Pseudomonas aeruginosa,bacteria,linear,8845,P13794,213,227,15,12.0,0.8,True,True,True,0.51,5,0.25,False,
SEMA,ESKAPE,Staphylococcus aureus,bacteria,linear,8972,P14738,836,845,10,10.0,1.0,True,True,True,0.51,5,0.25,False,
SEMA,ESKAPE,Pseudomonas aeruginosa,bacteria,linear,9095,P11439,349,368,20,6.0,0.3,True,True,True,0.51,5,0.25,False,
SEMA,ESKAPE,Pseudomonas aeruginosa,bacteria,linear,9341,P13794,51,71,21,3.0,0.143,False,False,False,0.51,5,0.25,False,
SEMA,ESKAPE,Pseudomonas aeruginosa,bacteria,linear,9498,P04739,141,147,7,4.0,0.571,False,True,True,0.51,5,0.25,False,
SEMA,ESKAPE,Pseudomonas aeruginosa,bacteria,linear,9684,P04739,133,139,7,6.0,0.857,True,True,True,0.51,5,0.25,False,
SEMA,ESKAPE,Staphylococcus aureus,bacteria,linear,9982,Q2FYP2,211,216,6,0.0,0.0,False,False,False,0.51,5,0.25,False,
SEMA,ESKAPE,Staphylococcus aureus,bacteria,linear,9983,Q2FYP2,211,219,9,0.0,0.0,False,False,False,0.51,5,0.25,False,
SEMA,ESKAPE,Staphylococcus aureus,bacteria,linear,10098,Q2FUY2,601,617,17,17.0,1.0,True,True,True,0.51,5,0.25,False,
SEMA,ESKAPE,Staphylococcus aureus,bacteria,linear,10326,P14738,756,765,10,10.0,1.0,True,True,True,0.51,5,0.25,False,
SEMA,ESKAPE,Staphylococcus aureus,bacteria,linear,10431,P14738,832,841,10,10.0,1.0,True,True,True,0.51,5,0.25,False,
SEMA,ESKAPE,Pseudomonas aeruginosa,bacteria,linear,10550,P13794,198,212,15,14.0,0.933,True,True,True,0.51,5,0.25,False,
SEMA,ESKAPE,Staphylococcus aureus,bacteria,linear,10588,Q2FXX5,110,119,10,1.0,0.1,False,False,False,0.51,5,0.25,False,
SEMA,ESKAPE,Pseudomonas aeruginosa,bacteria,linear,10632,P13794,241,261,21,15.0,0.714,True,True,True,0.51,5,0.25,False,
SEMA,ESKAPE,Staphylococcus aureus,bacteria,linear,11552,P14738,758,767,10,10.0,1.0,True,True,True,0.51,5,0.25,False,
SEMA,ESKAPE,Staphylococcus aureus,bacteria,linear,11564,P14738,754,763,10,10.0,1.0,True,True,True,0.51,5,0.25,False,
SEMA,ESKAPE,Staphylococcus aureus,bacteria,linear,11565,P14738,792,801,10,10.0,1.0,True,True,True,0.51,5,0.25,False,
SEMA,ESKAPE,Staphylococcus aureus,bacteria,linear,11567,P14738,830,839,10,10.0,1.0,True,True,True,0.51,5,0.25,False,
SEMA,ESKAPE,Staphylococcus aureus,bacteria,linear,11723,Q2FXX5,145,164,20,4.0,0.2,False,False,False,0.51,5,0.25,False,
SEMA,ESKAPE,Pseudomonas aeruginosa,bacteria,linear,11781,P04739,133,139,7,6.0,0.857,True,True,True,0.51,5,0.25,False,
SEMA,ESKAPE,Pseudomonas aeruginosa,bacteria,linear,12185,P13794,277,291,15,11.0,0.733,True,True,True,0.51,5,0.25,False,
SEMA,ESKAPE,Staphylococcus aureus,bacteria,linear,12388,Q2FYP2,355,363,9,0.0,0.0,False,False,False,0.51,5,0.25,False,
SEMA,ESKAPE,Pseudomonas aeruginosa,bacteria,linear,12433,P13794,31,43,13,6.0,0.462,True,True,True,0.51,5,0.25,False,
SEMA,ESKAPE,Staphylococcus aureus,bacteria,linear,12844,Q2G2Y0,224,234,11,,,,,,0.51,5,0.25,True,end_pos_exceeds_pred_len(234>231)
SEMA,ESKAPE,Staphylococcus aureus,bacteria,linear,12992,Q2FXX5,178,185,8,4.0,0.5,False,True,True,0.51,5,0.25,False,
SEMA,ESKAPE,Pseudomonas aeruginosa,bacteria,linear,13799,P11439,591,613,23,13.0,0.565,True,True,True,0.51,5,0.25,False,
SEMA,ESKAPE,Staphylococcus aureus,bacteria,linear,14016,Q2G282,120,135,16,14.0,0.875,True,True,True,0.51,5,0.25,False,
SEMA,ESKAPE,Staphylococcus aureus,bacteria,linear,14371,Q2FYP2,417,425,9,7.0,0.778,True,True,True,0.51,5,0.25,False,
SEMA,ESKAPE,Staphylococcus aureus,bacteria,linear,14592,Q2FXX5,165,184,20,11.0,0.55,True,True,True,0.51,5,0.25,False,
SEMA,ESKAPE,Pseudomonas aeruginosa,bacteria,linear,14844,P04739,70,81,12,12.0,1.0,True,True,True,0.51,5,0.25,False,
SEMA,ESKAPE,Staphylococcus aureus,bacteria,linear,15354,Q2FXN2,127,152,26,0.0,0.0,False,False,False,0.51,5,0.25,False,
SEMA,ESKAPE,Staphylococcus aureus,bacteria,linear,15984,P14738,842,851,10,9.0,0.9,True,True,True,0.51,5,0.25,False,
SEMA,ESKAPE,Klebsiella pneumoniae,bacteria,linear,16065,A0A0H3GK81,342,354,13,2.0,0.154,False,False,False,0.51,5,0.25,False,
SEMA,ESKAPE,Staphylococcus aureus,bacteria,linear,16875,Q2FYP2,419,427,9,6.0,0.667,True,True,True,0.51,5,0.25,False,
SEMA,ESKAPE,Staphylococcus aureus,bacteria,linear,17408,Q2FZB1,87,104,18,9.0,0.5,True,True,True,0.51,5,0.25,False,
SEMA,ESKAPE,Pseudomonas aeruginosa,bacteria,linear,18002,P04739,1,30,30,15.0,0.5,True,True,True,0.51,5,0.25,False,
SEMA,ESKAPE,Pseudomonas aeruginosa,bacteria,linear,18013,P04739,102,110,9,5.0,0.556,True,True,True,0.51,5,0.25,False,
SEMA,ESKAPE,Staphylococcus aureus,bacteria,linear,20167,P14738,844,853,10,9.0,0.9,True,True,True,0.51,5,0.25,False,
SEMA,ESKAPE,Staphylococcus aureus,bacteria,linear,21450,P14738,768,777,10,10.0,1.0,True,True,True,0.51,5,0.25,False,
SEMA,ESKAPE,Staphylococcus aureus,bacteria,linear,21548,Q2FYP2,235,238,4,3.0,0.75,False,True,True,0.51,5,0.25,False,
SEMA,ESKAPE,Staphylococcus aureus,bacteria,linear,21549,Q2FYP2,235,243,9,8.0,0.889,True,True,True,0.51,5,0.25,False,
SEMA,ESKAPE,Pseudomonas aeruginosa,bacteria,linear,21990,P13794,334,338,5,3.0,0.6,False,True,True,0.51,5,0.25,False,
SEMA,ESKAPE,Pseudomonas aeruginosa,bacteria,linear,21991,P13794,334,342,9,3.0,0.333,False,True,True,0.51,5,0.25,False,
SEMA,ESKAPE,Klebsiella pneumoniae,bacteria,linear,22233,A0A0H3GN17,38,50,13,6.0,0.462,True,True,True,0.51,5,0.25,False,
SEMA,ESKAPE,Pseudomonas aeruginosa,bacteria,linear,22894,P13794,79,86,8,8.0,1.0,True,True,True,0.51,5,0.25,False,
SEMA,ESKAPE,Staphylococcus aureus,bacteria,linear,23184,Q2FYP2,379,385,7,6.0,0.857,True,True,True,0.51,5,0.25,False,
SEMA,ESKAPE,Staphylococcus aureus,bacteria,linear,23185,Q2FYP2,379,387,9,7.0,0.778,True,True,True,0.51,5,0.25,False,
SEMA,ESKAPE,Pseudomonas aeruginosa,bacteria,linear,23309,P11439,505,524,20,15.0,0.75,True,True,True,0.51,5,0.25,False,
SEMA,ESKAPE,Pseudomonas aeruginosa,bacteria,linear,23341,P13794,319,329,11,8.0,0.727,True,True,True,0.51,5,0.25,False,
SEMA,ESKAPE,Staphylococcus aureus,bacteria,linear,23641,Q2FYP2,210,218,9,0.0,0.0,False,False,False,0.51,5,0.25,False,
SEMA,ESKAPE,Staphylococcus aureus,bacteria,linear,23976,Q2G155,147,162,16,16.0,1.0,True,True,True,0.51,5,0.25,False,
SEMA,ESKAPE,Pseudomonas aeruginosa,bacteria,linear,24596,P13794,118,132,15,11.0,0.733,True,True,True,0.51,5,0.25,False,
SEMA,ESKAPE,Staphylococcus aureus,bacteria,linear,24878,Q2FXX5,85,104,20,12.0,0.6,True,True,True,0.51,5,0.25,False,
SEMA,ESKAPE,Staphylococcus aureus,bacteria,linear,25328,Q2FYP2,356,364,9,0.0,0.0,False,False,False,0.51,5,0.25,False,
SEMA,ESKAPE,Pseudomonas aeruginosa,bacteria,linear,26240,P11439,556,564,9,8.0,0.889,True,True,True,0.51,5,0.25,False,
SEMA,ESKAPE,Staphylococcus aureus,bacteria,linear,26932,Q2FYP2,230,238,9,7.0,0.778,True,True,True,0.51,5,0.25,False,
SEMA,ESKAPE,Pseudomonas aeruginosa,bacteria,linear,27085,P11439,580,589,10,0.0,0.0,False,False,False,0.51,5,0.25,False,
SEMA,ESKAPE,Staphylococcus aureus,bacteria,linear,27655,Q2G2Y0,228,238,11,,,,,,0.51,5,0.25,True,end_pos_exceeds_pred_len(238>231)
SEMA,ESKAPE,Staphylococcus aureus,bacteria,linear,29229,P14738,770,779,10,9.0,0.9,True,True,True,0.51,5,0.25,False,
SEMA,ESKAPE,Pseudomonas aeruginosa,bacteria,linear,30093,P04739,128,144,17,14.0,0.824,True,True,True,0.51,5,0.25,False,
SEMA,ESKAPE,Pseudomonas aeruginosa,bacteria,linear,30567,P11439,615,634,20,7.0,0.35,True,True,True,0.51,5,0.25,False,
SEMA,ESKAPE,Staphylococcus aureus,bacteria,linear,30604,Q2FXX5,65,84,20,11.0,0.55,True,True,True,0.51,5,0.25,False,
SEMA,ESKAPE,Pseudomonas aeruginosa,bacteria,linear,30704,P13794,243,256,14,10.0,0.714,True,True,True,0.51,5,0.25,False,
SEMA,ESKAPE,Staphylococcus aureus,bacteria,linear,30799,Q2G2B2,440,448,9,7.0,0.778,True,True,True,0.51,5,0.25,False,
SEMA,ESKAPE,Staphylococcus aureus,bacteria,linear,30921,Q2FZB1,98,118,21,10.0,0.476,True,True,True,0.51,5,0.25,False,
SEMA,ESKAPE,Staphylococcus aureus,bacteria,linear,30993,Q2FXX5,105,124,20,11.0,0.55,True,True,True,0.51,5,0.25,False,
SEMA,ESKAPE,Staphylococcus aureus,bacteria,linear,31023,P14738,786,795,10,5.0,0.5,True,True,True,0.51,5,0.25,False,
SEMA,ESKAPE,Staphylococcus aureus,bacteria,linear,32089,Q2G2Y0,140,150,11,11.0,1.0,True,True,True,0.51,5,0.25,False,
SEMA,ESKAPE,Staphylococcus aureus,bacteria,linear,32524,Q2FXX5,96,103,8,7.0,0.875,True,True,True,0.51,5,0.25,False,
SEMA,ESKAPE,Pseudomonas aeruginosa,bacteria,linear,32817,P04739,143,154,12,,,,,,0.51,5,0.25,True,end_pos_exceeds_pred_len(154>149)
SEMA,ESKAPE,Staphylococcus aureus,bacteria,linear,32888,P14738,837,857,21,19.0,0.905,True,True,True,0.51,5,0.25,False,
SEMA,ESKAPE,Staphylococcus aureus,bacteria,linear,33888,Q2FYP2,358,363,6,0.0,0.0,False,False,False,0.51,5,0.25,False,
SEMA,ESKAPE,Staphylococcus aureus,bacteria,linear,33889,Q2FYP2,358,366,9,0.0,0.0,False,False,False,0.51,5,0.25,False,
SEMA,ESKAPE,Staphylococcus aureus,bacteria,linear,34278,Q2FYP2,231,239,9,8.0,0.889,True,True,True,0.51,5,0.25,False,
SEMA,ESKAPE,Staphylococcus aureus,bacteria,linear,34297,Q2FYP2,377,385,9,8.0,0.889,True,True,True,0.51,5,0.25,False,
SEMA,ESKAPE,Pseudomonas aeruginosa,bacteria,linear,34758,P11439,585,604,20,6.0,0.3,True,True,True,0.51,5,0.25,False,
SEMA,ESKAPE,Staphylococcus aureus,bacteria,linear,35152,Q2G2Y0,176,186,11,7.0,0.636,True,True,True,0.51,5,0.25,False,
SEMA,ESKAPE,Staphylococcus aureus,bacteria,linear,35794,Q2FWC4,293,312,20,15.0,0.75,True,True,True,0.51,5,0.25,False,
SEMA,ESKAPE,Pseudomonas aeruginosa,bacteria,linear,36332,P04739,82,110,29,21.0,0.724,True,True,True,0.51,5,0.25,False,
SEMA,ESKAPE,Pseudomonas aeruginosa,bacteria,linear,37029,P04739,49,56,8,4.0,0.5,False,True,True,0.51,5,0.25,False,
SEMA,ESKAPE,Pseudomonas aeruginosa,bacteria,linear,37698,P11439,422,432,11,4.0,0.364,False,True,True,0.51,5,0.25,False,
SEMA,ESKAPE,Klebsiella pneumoniae,bacteria,linear,38377,A0A0H3GK81,294,306,13,11.0,0.846,True,True,True,0.51,5,0.25,False,
SEMA,ESKAPE,Staphylococcus aureus,bacteria,linear,39097,Q2FYP2,420,428,9,5.0,0.556,True,True,True,0.51,5,0.25,False,
SEMA,ESKAPE,Pseudomonas aeruginosa,bacteria,linear,40268,P11439,319,338,20,15.0,0.75,True,True,True,0.51,5,0.25,False,
SEMA,ESKAPE,Staphylococcus aureus,bacteria,linear,40310,Q2FYP2,402,410,9,5.0,0.556,True,True,True,0.51,5,0.25,False,
SEMA,ESKAPE,Klebsiella pneumoniae,bacteria,linear,40311,A0A0H3GN17,98,110,13,12.0,0.923,True,True,True,0.51,5,0.25,False,
SEMA,ESKAPE,Klebsiella pneumoniae,bacteria,linear,41006,A0A0H3GN17,182,190,9,1.0,0.111,False,False,False,0.51,5,0.25,False,
SEMA,ESKAPE,Pseudomonas aeruginosa,bacteria,linear,41874,P13794,266,280,15,6.0,0.4,True,True,True,0.51,5,0.25,False,
SEMA,ESKAPE,Staphylococcus aureus,bacteria,linear,42219,Q2FYP2,400,408,9,6.0,0.667,True,True,True,0.51,5,0.25,False,
SEMA,ESKAPE,Pseudomonas aeruginosa,bacteria,linear,43317,P13794,329,342,14,8.0,0.571,True,True,True,0.51,5,0.25,False,
SEMA,ESKAPE,Pseudomonas aeruginosa,bacteria,linear,43375,P04739,132,154,23,,,,,,0.51,5,0.25,True,end_pos_exceeds_pred_len(154>149)
SEMA,ESKAPE,Klebsiella pneumoniae,bacteria,linear,43557,A0A0H3GN17,166,178,13,8.0,0.615,True,True,True,0.51,5,0.25,False,
SEMA,ESKAPE,Pseudomonas aeruginosa,bacteria,linear,43796,P13794,306,319,14,10.0,0.714,True,True,True,0.51,5,0.25,False,
SEMA,ESKAPE,Klebsiella pneumoniae,bacteria,linear,44104,A0A0H3GK81,90,99,10,0.0,0.0,False,False,False,0.51,5,0.25,False,
SEMA,ESKAPE,Staphylococcus aureus,bacteria,linear,44168,Q2FXJ6,13,29,17,16.0,0.941,True,True,True,0.51,5,0.25,False,
SEMA,ESKAPE,Staphylococcus aureus,bacteria,linear,44255,Q2G2Y0,52,62,11,1.0,0.091,False,False,False,0.51,5,0.25,False,
SEMA,ESKAPE,Staphylococcus aureus,bacteria,linear,44477,P14738,834,843,10,10.0,1.0,True,True,True,0.51,5,0.25,False,
SEMA,ESKAPE,Pseudomonas aeruginosa,bacteria,linear,44642,P13794,261,268,8,4.0,0.5,False,True,True,0.51,5,0.25,False,
SEMA,ESKAPE,Staphylococcus aureus,bacteria,linear,44911,Q2FYP2,401,409,9,6.0,0.667,True,True,True,0.51,5,0.25,False,
SEMA,ESKAPE,Staphylococcus aureus,bacteria,linear,45009,Q2FYP2,399,407,9,6.0,0.667,True,True,True,0.51,5,0.25,False,
SEMA,ESKAPE,Klebsiella pneumoniae,bacteria,linear,45610,A0A0H3GN17,270,282,13,3.0,0.231,False,False,False,0.51,5,0.25,False,
SEMA,ESKAPE,Staphylococcus aureus,bacteria,linear,45624,P14738,750,759,10,8.0,0.8,True,True,True,0.51,5,0.25,False,
SEMA,ESKAPE,Staphylococcus aureus,bacteria,linear,45625,P14738,788,797,10,6.0,0.6,True,True,True,0.51,5,0.25,False,
SEMA,ESKAPE,Staphylococcus aureus,bacteria,linear,46021,P14738,846,855,10,9.0,0.9,True,True,True,0.51,5,0.25,False,
SEMA,ESKAPE,Pseudomonas aeruginosa,bacteria,linear,46868,P04739,148,154,7,,,,,,0.51,5,0.25,True,end_pos_exceeds_pred_len(154>149)
SEMA,ESKAPE,Staphylococcus aureus,bacteria,linear,48176,P14738,762,771,10,10.0,1.0,True,True,True,0.51,5,0.25,False,
SEMA,ESKAPE,Staphylococcus aureus,bacteria,linear,48664,Q2FXX5,125,144,20,18.0,0.9,True,True,True,0.51,5,0.25,False,
SEMA,ESKAPE,Staphylococcus aureus,bacteria,linear,49516,Q2FYP2,299,307,9,2.0,0.222,False,False,False,0.51,5,0.25,False,
SEMA,ESKAPE,Staphylococcus aureus,bacteria,linear,49566,P14738,838,847,10,9.0,0.9,True,True,True,0.51,5,0.25,False,
SEMA,ESKAPE,Pseudomonas aeruginosa,bacteria,linear,50487,P11439,485,504,20,11.0,0.55,True,True,True,0.51,5,0.25,False,
SEMA,ESKAPE,Staphylococcus aureus,bacteria,linear,50759,P14738,841,854,14,13.0,0.929,True,True,True,0.51,5,0.25,False,
SEMA,ESKAPE,Staphylococcus aureus,bacteria,linear,50871,P14738,766,775,10,10.0,1.0,True,True,True,0.51,5,0.25,False,
SEMA,ESKAPE,Staphylococcus aureus,bacteria,linear,50872,P14738,766,779,14,13.0,0.929,True,True,True,0.51,5,0.25,False,
SEMA,ESKAPE,Staphylococcus aureus,bacteria,linear,51034,Q2G2Y0,120,130,11,4.0,0.364,False,True,True,0.51,5,0.25,False,
SEMA,ESKAPE,Pseudomonas aeruginosa,bacteria,linear,51224,P13794,290,303,14,7.0,0.5,True,True,True,0.51,5,0.25,False,
SEMA,ESKAPE,Staphylococcus aureus,bacteria,linear,51720,P14738,784,793,10,4.0,0.4,False,True,True,0.51,5,0.25,False,
SEMA,ESKAPE,Staphylococcus aureus,bacteria,linear,51763,P14738,746,755,10,7.0,0.7,True,True,True,0.51,5,0.25,False,
SEMA,ESKAPE,Klebsiella pneumoniae,bacteria,linear,51868,A0A0H3GN17,24,34,11,9.0,0.818,True,True,True,0.51,5,0.25,False,
SEMA,ESKAPE,Staphylococcus aureus,bacteria,linear,51971,Q2FYP2,298,306,9,3.0,0.333,False,True,True,0.51,5,0.25,False,
SEMA,ESKAPE,Staphylococcus aureus,bacteria,linear,52411,P14738,131,148,18,18.0,1.0,True,True,True,0.51,5,0.25,False,
SEMA,ESKAPE,Pseudomonas aeruginosa,bacteria,linear,52910,P13794,160,173,14,8.0,0.571,True,True,True,0.51,5,0.25,False,
SEMA,ESKAPE,Staphylococcus aureus,bacteria,linear,53123,Q2G1E2,323,345,23,1.0,0.043,False,False,False,0.51,5,0.25,False,
SEMA,ESKAPE,Staphylococcus aureus,bacteria,linear,53152,Q2G1N0,84,100,17,1.0,0.059,False,False,False,0.51,5,0.25,False,
SEMA,ESKAPE,Staphylococcus aureus,bacteria,linear,53863,Q2FYP2,421,424,4,2.0,0.5,False,True,True,0.51,5,0.25,False,
SEMA,ESKAPE,Staphylococcus aureus,bacteria,linear,53864,Q2FYP2,421,429,9,4.0,0.444,False,True,True,0.51,5,0.25,False,
SEMA,ESKAPE,Staphylococcus aureus,bacteria,linear,53916,Q2FXX5,205,224,20,7.0,0.35,True,True,True,0.51,5,0.25,False,
SEMA,ESKAPE,Pseudomonas aeruginosa,bacteria,linear,54004,P13794,78,91,14,12.0,0.857,True,True,True,0.51,5,0.25,False,
SEMA,ESKAPE,Pseudomonas aeruginosa,bacteria,linear,54095,P11439,299,308,10,10.0,1.0,True,True,True,0.51,5,0.25,False,
SEMA,ESKAPE,Staphylococcus aureus,bacteria,linear,54382,Q2G2W1,205,224,20,0.0,0.0,False,False,False,0.51,5,0.25,False,
SEMA,ESKAPE,Staphylococcus aureus,bacteria,linear,55781,Q2FYP2,302,306,5,1.0,0.2,False,False,False,0.51,5,0.25,False,
SEMA,ESKAPE,Staphylococcus aureus,bacteria,linear,55782,Q2FYP2,302,310,9,2.0,0.222,False,False,False,0.51,5,0.25,False,
SEMA,ESKAPE,Klebsiella pneumoniae,bacteria,linear,55935,A0A0H3GN17,198,206,9,5.0,0.556,True,True,True,0.51,5,0.25,False,
SEMA,ESKAPE,Pseudomonas aeruginosa,bacteria,linear,56467,P11439,525,544,20,5.0,0.25,True,True,True,0.51,5,0.25,False,
SEMA,ESKAPE,Staphylococcus aureus,bacteria,linear,56583,Q2FXX5,185,204,20,9.0,0.45,True,True,True,0.51,5,0.25,False,
SEMA,ESKAPE,Pseudomonas aeruginosa,bacteria,linear,57064,P04739,138,154,17,,,,,,0.51,5,0.25,True,end_pos_exceeds_pred_len(154>149)
SEMA,ESKAPE,Pseudomonas aeruginosa,bacteria,linear,57277,P13794,201,214,14,13.0,0.929,True,True,True,0.51,5,0.25,False,
SEMA,ESKAPE,Staphylococcus aureus,bacteria,linear,57504,Q2FXX5,25,32,8,4.0,0.5,False,True,True,0.51,5,0.25,False,
SEMA,ESKAPE,Staphylococcus aureus,bacteria,linear,57505,Q2FXX5,25,44,20,5.0,0.25,True,True,True,0.51,5,0.25,False,
SEMA,ESKAPE,Staphylococcus aureus,bacteria,linear,57575,Q2FXX5,245,257,13,,,,,,0.51,5,0.25,True,end_pos_exceeds_pred_len(257>234)
SEMA,ESKAPE,Staphylococcus aureus,bacteria,linear,57746,P14738,752,761,10,9.0,0.9,True,True,True,0.51,5,0.25,False,
SEMA,ESKAPE,Staphylococcus aureus,bacteria,linear,57747,P14738,790,799,10,8.0,0.8,True,True,True,0.51,5,0.25,False,
SEMA,ESKAPE,Staphylococcus aureus,bacteria,linear,58154,P14738,748,757,10,7.0,0.7,True,True,True,0.51,5,0.25,False,
SEMA,ESKAPE,Staphylococcus aureus,bacteria,linear,58346,Q2FYP2,209,217,9,0.0,0.0,False,False,False,0.51,5,0.25,False,
SEMA,ESKAPE,Staphylococcus aureus,bacteria,linear,58802,Q2FXX5,252,261,10,,,,,,0.51,5,0.25,True,end_pos_exceeds_pred_len(261>234)
SEMA,ESKAPE,Klebsiella pneumoniae,bacteria,linear,58956,A0A0H3GK81,309,318,10,3.0,0.3,False,True,True,0.51,5,0.25,False,
SEMA,ESKAPE,Staphylococcus aureus,bacteria,linear,59971,Q2G2Y0,100,110,11,1.0,0.091,False,False,False,0.51,5,0.25,False,
SEMA,ESKAPE,Staphylococcus aureus,bacteria,linear,59972,Q2G2Y0,53,65,13,4.0,0.308,False,True,True,0.51,5,0.25,False,
SEMA,ESKAPE,Staphylococcus aureus,bacteria,linear,60792,Q2FYP2,301,309,9,1.0,0.111,False,False,False,0.51,5,0.25,False,
SEMA,ESKAPE,Staphylococcus aureus,bacteria,linear,61321,Q2FYP2,300,308,9,1.0,0.111,False,False,False,0.51,5,0.25,False,
SEMA,ESKAPE,Staphylococcus aureus,bacteria,linear,61778,Q2G2Y0,48,58,11,0.0,0.0,False,False,False,0.51,5,0.25,False,
SEMA,ESKAPE,Staphylococcus aureus,bacteria,linear,61779,Q2G2Y0,1,16,16,16.0,1.0,True,True,True,0.51,5,0.25,False,
SEMA,ESKAPE,Staphylococcus aureus,bacteria,linear,62077,P14738,847,853,7,6.0,0.857,True,True,True,0.51,5,0.25,False,
SEMA,ESKAPE,Klebsiella pneumoniae,bacteria,linear,62675,A0A0H3GK81,363,378,16,5.0,0.312,True,True,True,0.51,5,0.25,False,
SEMA,ESKAPE,Pseudomonas aeruginosa,bacteria,linear,62775,P04739,121,144,24,18.0,0.75,True,True,True,0.51,5,0.25,False,
SEMA,ESKAPE,Pseudomonas aeruginosa,bacteria,linear,62830,P13794,331,338,8,6.0,0.75,True,True,True,0.51,5,0.25,False,
SEMA,ESKAPE,Pseudomonas aeruginosa,bacteria,linear,62831,P13794,331,342,12,6.0,0.5,True,True,True,0.51,5,0.25,False,
SEMA,ESKAPE,Staphylococcus aureus,bacteria,linear,62909,Q2FXX5,45,64,20,19.0,0.95,True,True,True,0.51,5,0.25,False,
SEMA,ESKAPE,Pseudomonas aeruginosa,bacteria,linear,63122,P13794,285,298,14,10.0,0.714,True,True,True,0.51,5,0.25,False,
SEMA,ESKAPE,Pseudomonas aeruginosa,bacteria,linear,63243,P13794,41,52,12,8.0,0.667,True,True,True,0.51,5,0.25,False,
SEMA,ESKAPE,Klebsiella pneumoniae,bacteria,linear,63503,A0A0H3GK81,24,36,13,10.0,0.769,True,True,True,0.51,5,0.25,False,
SEMA,ESKAPE,Staphylococcus aureus,bacteria,linear,63551,Q2FYP2,416,424,9,7.0,0.778,True,True,True,0.51,5,0.25,False,
SEMA,ESKAPE,Staphylococcus aureus,bacteria,linear,63704,Q2FYP2,418,426,9,7.0,0.778,True,True,True,0.51,5,0.25,False,
SEMA,ESKAPE,Pseudomonas aeruginosa,bacteria,linear,65343,P13794,122,135,14,12.0,0.857,True,True,True,0.51,5,0.25,False,
SEMA,ESKAPE,Staphylococcus aureus,bacteria,linear,65445,Q2G2Y0,136,146,11,11.0,1.0,True,True,True,0.51,5,0.25,False,
SEMA,ESKAPE,Pseudomonas aeruginosa,bacteria,linear,65779,P04739,138,145,8,6.0,0.75,True,True,True,0.51,5,0.25,False,
SEMA,ESKAPE,Staphylococcus aureus,bacteria,linear,65902,Q2FZK7,63,81,19,19.0,1.0,True,True,True,0.51,5,0.25,False,
SEMA,ESKAPE,Staphylococcus aureus,bacteria,linear,67941,P14738,848,857,10,9.0,0.9,True,True,True,0.51,5,0.25,False,
SEMA,ESKAPE,Staphylococcus aureus,bacteria,linear,67969,Q2FUX4,90,107,18,5.0,0.278,True,True,True,0.51,5,0.25,False,
SEMA,ESKAPE,Staphylococcus aureus,bacteria,linear,68094,Q2FYP2,403,407,5,3.0,0.6,False,True,True,0.51,5,0.25,False,
SEMA,ESKAPE,Staphylococcus aureus,bacteria,linear,68095,Q2FYP2,403,411,9,6.0,0.667,True,True,True,0.51,5,0.25,False,
SEMA,ESKAPE,Staphylococcus aureus,bacteria,linear,68745,Q2FYP2,234,242,9,8.0,0.889,True,True,True,0.51,5,0.25,False,
SEMA,ESKAPE,Staphylococcus aureus,bacteria,linear,70975,Q2FYP2,208,216,9,0.0,0.0,False,False,False,0.51,5,0.25,False,
SEMA,ESKAPE,Staphylococcus aureus,bacteria,linear,70991,Q2FVI5,83,102,20,2.0,0.1,False,False,False,0.51,5,0.25,False,
SEMA,ESKAPE,Klebsiella pneumoniae,bacteria,linear,71071,A0A0H3GK81,231,243,13,9.0,0.692,True,True,True,0.51,5,0.25,False,
SEMA,ESKAPE,Staphylococcus aureus,bacteria,linear,71099,Q2G2G6,13,37,25,4.0,0.16,False,False,False,0.51,5,0.25,False,
SEMA,ESKAPE,Staphylococcus aureus,bacteria,linear,72182,Q2FYP2,232,240,9,8.0,0.889,True,True,True,0.51,5,0.25,False,
SEMA,ESKAPE,Staphylococcus aureus,bacteria,linear,72528,Q2FYP2,378,386,9,8.0,0.889,True,True,True,0.51,5,0.25,False,
SEMA,ESKAPE,Staphylococcus aureus,bacteria,linear,73610,Q2G034,6,54,49,19.0,0.388,True,True,True,0.51,5,0.25,False,
SEMA,ESKAPE,Staphylococcus aureus,bacteria,linear,73745,P14738,764,773,10,10.0,1.0,True,True,True,0.51,5,0.25,False,
SEMA,ESKAPE,Pseudomonas aeruginosa,bacteria,linear,74162,P11439,495,514,20,12.0,0.6,True,True,True,0.51,5,0.25,False,
SEMA,ESKAPE,Staphylococcus aureus,bacteria,linear,75484,P14738,840,849,10,9.0,0.9,True,True,True,0.51,5,0.25,False,
SEMA,ESKAPE,Staphylococcus aureus,bacteria,linear,75888,Q2G2Y0,60,70,11,8.0,0.727,True,True,True,0.51,5,0.25,False,
SEMA,ESKAPE,Staphylococcus aureus,bacteria,linear,76285,Q2FYP2,233,241,9,8.0,0.889,True,True,True,0.51,5,0.25,False,
SEMA,ESKAPE,Staphylococcus aureus,bacteria,linear,76464,Q2G2Y0,200,210,11,1.0,0.091,False,False,False,0.51,5,0.25,False,
SEMA,ESKAPE,Staphylococcus aureus,bacteria,linear,76606,Q2FZB1,91,96,6,2.0,0.333,False,True,True,0.51,5,0.25,False,
SEMA,ESKAPE,Pseudomonas aeruginosa,bacteria,linear,79061,P11439,563,588,26,8.0,0.308,True,True,True,0.51,5,0.25,False,
SEMA,ESKAPE,Klebsiella pneumoniae,bacteria,linear,80018,A0A0H3GQ86,188,192,5,1.0,0.2,False,False,False,0.51,5,0.25,False,
SEMA,ESKAPE,Staphylococcus aureus,bacteria,linear,83464,Q2FZ94,414,443,30,4.0,0.133,False,False,False,0.51,5,0.25,False,
SEMA,ESKAPE,Staphylococcus aureus,bacteria,linear,90882,Q2FZ94,382,412,31,12.0,0.387,True,True,True,0.51,5,0.25,False,
SEMA,ESKAPE,Pseudomonas aeruginosa,bacteria,linear,93578,P11439,575,595,21,2.0,0.095,False,False,False,0.51,5,0.25,False,
SEMA,ESKAPE,Staphylococcus aureus,bacteria,linear,95142,Q2FZB1,74,83,10,8.0,0.8,True,True,True,0.51,5,0.25,False,
SEMA,ESKAPE,Enterococcus faecium,bacteria,linear,97997,Q3XYW0,145,159,15,4.0,0.267,False,True,True,0.51,5,0.25,False,
SEMA,ESKAPE,Enterococcus faecium,bacteria,linear,98035,Q3XYW0,109,114,6,4.0,0.667,False,True,True,0.51,5,0.25,False,
SEMA,ESKAPE,Pseudomonas aeruginosa,bacteria,linear,98093,P14756,341,349,9,3.0,0.333,False,True,True,0.51,5,0.25,False,
SEMA,ESKAPE,Enterococcus faecium,bacteria,linear,98190,Q3XYW0,86,90,5,0.0,0.0,False,False,False,0.51,5,0.25,False,
SEMA,ESKAPE,Enterococcus faecium,bacteria,linear,98216,Q3XYW0,80,94,15,8.0,0.533,True,True,True,0.51,5,0.25,False,
SEMA,ESKAPE,Enterococcus faecium,bacteria,linear,98255,Q3XYW0,151,165,15,2.0,0.133,False,False,False,0.51,5,0.25,False,
SEMA,ESKAPE,Enterococcus faecium,bacteria,linear,98429,Q3XYW0,153,156,4,0.0,0.0,False,False,False,0.51,5,0.25,False,
SEMA,ESKAPE,Pseudomonas aeruginosa,bacteria,linear,98434,P14756,395,403,9,5.0,0.556,True,True,True,0.51,5,0.25,False,
SEMA,ESKAPE,Pseudomonas aeruginosa,bacteria,linear,108331,P13794,311,341,31,20.0,0.645,True,True,True,0.51,5,0.25,False,
SEMA,ESKAPE,Pseudomonas aeruginosa,bacteria,linear,114450,Q06579,16,30,15,13.0,0.867,True,True,True,0.51,5,0.25,False,
SEMA,ESKAPE,Klebsiella pneumoniae,bacteria,linear,117773,A0A0H3GQ86,185,197,13,4.0,0.308,False,True,True,0.51,5,0.25,False,
SEMA,ESKAPE,Staphylococcus aureus,bacteria,linear,119575,Q2FZ93,297,306,10,0.0,0.0,False,False,False,0.51,5,0.25,False,
SEMA,ESKAPE,Klebsiella pneumoniae,bacteria,linear,119786,A0A0H3GQ86,185,199,15,4.0,0.267,False,True,True,0.51,5,0.25,False,
SEMA,ESKAPE,Klebsiella pneumoniae,bacteria,linear,120177,A0A0H3GIG3,590,605,16,4.0,0.25,False,True,True,0.51,5,0.25,False,
SEMA,ESKAPE,Pseudomonas aeruginosa,bacteria,linear,122713,P11439,1,30,30,30.0,1.0,True,True,True,0.51,5,0.25,False,
SEMA,ESKAPE,Pseudomonas aeruginosa,bacteria,linear,122715,P11439,233,242,10,4.0,0.4,False,True,True,0.51,5,0.25,False,
SEMA,ESKAPE,Pseudomonas aeruginosa,bacteria,linear,122726,P11439,581,613,33,13.0,0.394,True,True,True,0.51,5,0.25,False,
SEMA,ESKAPE,Pseudomonas aeruginosa,bacteria,linear,122786,P11439,156,164,9,1.0,0.111,False,False,False,0.51,5,0.25,False,
SEMA,ESKAPE,Pseudomonas aeruginosa,bacteria,linear,122843,P11439,120,127,8,0.0,0.0,False,False,False,0.51,5,0.25,False,
SEMA,ESKAPE,Pseudomonas aeruginosa,bacteria,linear,122924,P11439,204,210,7,7.0,1.0,True,True,True,0.51,5,0.25,False,
SEMA,ESKAPE,Pseudomonas aeruginosa,bacteria,linear,123645,P30718,339,348,10,7.0,0.7,True,True,True,0.51,5,0.25,False,
SEMA,ESKAPE,Klebsiella pneumoniae,bacteria,linear,131576,A0A0H3GQ86,186,197,12,3.0,0.25,False,True,True,0.51,5,0.25,False,
SEMA,ESKAPE,Staphylococcus aureus,bacteria,linear,138886,Q2G2D8,48,67,20,7.0,0.35,True,True,True,0.51,5,0.25,False,
SEMA,ESKAPE,Staphylococcus aureus,bacteria,linear,140254,P14738,801,810,10,10.0,1.0,True,True,True,0.51,5,0.25,False,
SEMA,ESKAPE,Staphylococcus aureus,bacteria,linear,140255,P14738,801,838,38,29.0,0.763,True,True,True,0.51,5,0.25,False,
SEMA,ESKAPE,Staphylococcus aureus,bacteria,linear,140256,Q53682,737,746,10,10.0,1.0,True,True,True,0.51,5,0.25,False,
SEMA,ESKAPE,Staphylococcus aureus,bacteria,linear,140257,Q53682,737,774,38,38.0,1.0,True,True,True,0.51,5,0.25,False,
SEMA,ESKAPE,Staphylococcus aureus,bacteria,linear,140258,Q53682,699,708,10,10.0,1.0,True,True,True,0.51,5,0.25,False,
SEMA,ESKAPE,Staphylococcus aureus,bacteria,linear,140259,P14738,763,800,38,29.0,0.763,True,True,True,0.51,5,0.25,False,
SEMA,ESKAPE,Staphylococcus aureus,bacteria,linear,140260,Q53682,699,736,38,38.0,1.0,True,True,True,0.51,5,0.25,False,
SEMA,ESKAPE,Staphylococcus aureus,bacteria,linear,140674,Q2FXX5,28,41,14,1.0,0.071,False,False,False,0.51,5,0.25,False,
SEMA,ESKAPE,Staphylococcus aureus,bacteria,linear,140725,Q2FXX5,35,40,6,0.0,0.0,False,False,False,0.51,5,0.25,False,
SEMA,ESKAPE,Staphylococcus aureus,bacteria,linear,156553,Q2FWM6,25,32,21,8.0,0.381,True,True,True,0.51,5,0.25,False,
SEMA,ESKAPE,Acinetobacter baumannii,bacteria,linear,178183,A0ABX6CM31,307,319,13,,,,,,0.51,5,0.25,True,missing_prediction_for_protein
SEMA,ESKAPE,Acinetobacter baumannii,bacteria,linear,178232,A0ABX6CM31,82,106,25,,,,,,0.51,5,0.25,True,missing_prediction_for_protein
SEMA,ESKAPE,Acinetobacter baumannii,bacteria,linear,178244,A0ABX6CM31,13,34,22,,,,,,0.51,5,0.25,True,missing_prediction_for_protein
SEMA,ESKAPE,Acinetobacter baumannii,bacteria,linear,178268,A0ABX6CM31,121,133,13,,,,,,0.51,5,0.25,True,missing_prediction_for_protein
SEMA,ESKAPE,Acinetobacter baumannii,bacteria,linear,178278,A0ABX6CM31,100,115,16,,,,,,0.51,5,0.25,True,missing_prediction_for_protein
SEMA,ESKAPE,Acinetobacter baumannii,bacteria,linear,178282,A0ABX6CM31,151,166,16,,,,,,0.51,5,0.25,True,missing_prediction_for_protein
SEMA,ESKAPE,Acinetobacter baumannii,bacteria,linear,178286,A0ABX6CM31,230,245,16,,,,,,0.51,5,0.25,True,missing_prediction_for_protein
SEMA,ESKAPE,Acinetobacter baumannii,bacteria,linear,178315,A0ABX6CM31,265,277,13,,,,,,0.51,5,0.25,True,missing_prediction_for_protein
SEMA,ESKAPE,Acinetobacter baumannii,bacteria,linear,178334,A0ABX6CM31,319,331,13,,,,,,0.51,5,0.25,True,missing_prediction_for_protein
SEMA,ESKAPE,Acinetobacter baumannii,bacteria,linear,178371,A0ABX6CM31,112,124,13,,,,,,0.51,5,0.25,True,missing_prediction_for_protein
SEMA,ESKAPE,Staphylococcus aureus,bacteria,linear,186712,Q2G010,126,136,11,8.0,0.727,True,True,True,0.51,5,0.25,False,
SEMA,ESKAPE,Staphylococcus aureus,bacteria,linear,225220,Q2FXX5,115,132,18,13.0,0.722,True,True,True,0.51,5,0.25,False,
SEMA,ESKAPE,Staphylococcus aureus,bacteria,linear,225258,Q2FXX5,139,156,18,10.0,0.556,True,True,True,0.51,5,0.25,False,
SEMA,ESKAPE,Staphylococcus aureus,bacteria,linear,225260,Q2FXX5,223,240,18,,,,,,0.51,5,0.25,True,end_pos_exceeds_pred_len(240>234)
SEMA,ESKAPE,Staphylococcus aureus,bacteria,linear,225266,Q2FXX5,85,102,18,10.0,0.556,True,True,True,0.51,5,0.25,False,
SEMA,ESKAPE,Staphylococcus aureus,bacteria,linear,225267,Q2FXX5,199,216,18,5.0,0.278,True,True,True,0.51,5,0.25,False,
SEMA,ESKAPE,Staphylococcus aureus,bacteria,linear,225271,Q2FXX5,127,144,18,16.0,0.889,True,True,True,0.51,5,0.25,False,
SEMA,ESKAPE,Staphylococcus aureus,bacteria,linear,225278,Q2FXX5,163,180,18,9.0,0.5,True,True,True,0.51,5,0.25,False,
SEMA,ESKAPE,Staphylococcus aureus,bacteria,linear,225284,Q2FXX5,169,186,18,12.0,0.667,True,True,True,0.51,5,0.25,False,
SEMA,ESKAPE,Staphylococcus aureus,bacteria,linear,225287,Q2FXX5,103,120,18,9.0,0.5,True,True,True,0.51,5,0.25,False,
SEMA,ESKAPE,Staphylococcus aureus,bacteria,linear,225294,Q2FXX5,229,246,18,,,,,,0.51,5,0.25,True,end_pos_exceeds_pred_len(246>234)
SEMA,ESKAPE,Staphylococcus aureus,bacteria,linear,225297,Q2FXX5,133,150,18,14.0,0.778,True,True,True,0.51,5,0.25,False,
SEMA,ESKAPE,Staphylococcus aureus,bacteria,linear,225298,Q2FXX5,217,234,18,7.0,0.389,True,True,True,0.51,5,0.25,False,
SEMA,ESKAPE,Staphylococcus aureus,bacteria,linear,225305,Q2FXX5,37,54,18,11.0,0.611,True,True,True,0.51,5,0.25,False,
SEMA,ESKAPE,Staphylococcus aureus,bacteria,linear,225312,Q2FXX5,73,90,18,8.0,0.444,True,True,True,0.51,5,0.25,False,
SEMA,ESKAPE,Staphylococcus aureus,bacteria,linear,225332,Q2FXX5,7,24,18,18.0,1.0,True,True,True,0.51,5,0.25,False,
SEMA,ESKAPE,Staphylococcus aureus,bacteria,linear,225338,Q2FXX5,157,174,18,4.0,0.222,False,False,False,0.51,5,0.25,False,
SEMA,ESKAPE,Staphylococcus aureus,bacteria,linear,225352,Q2FXX5,31,48,18,5.0,0.278,True,True,True,0.51,5,0.25,False,
SEMA,ESKAPE,Staphylococcus aureus,bacteria,linear,225357,Q2FXX5,211,228,18,4.0,0.222,False,False,False,0.51,5,0.25,False,
SEMA,ESKAPE,Staphylococcus aureus,bacteria,linear,225358,Q2FXX5,61,78,18,13.0,0.722,True,True,True,0.51,5,0.25,False,
SEMA,ESKAPE,Staphylococcus aureus,bacteria,linear,225361,Q2FXX5,193,210,18,8.0,0.444,True,True,True,0.51,5,0.25,False,
SEMA,ESKAPE,Staphylococcus aureus,bacteria,linear,225362,Q2FXX5,49,66,18,17.0,0.944,True,True,True,0.51,5,0.25,False,
SEMA,ESKAPE,Staphylococcus aureus,bacteria,linear,225366,Q2FXX5,175,192,18,13.0,0.722,True,True,True,0.51,5,0.25,False,
SEMA,ESKAPE,Staphylococcus aureus,bacteria,linear,225373,Q2FXX5,145,162,18,4.0,0.222,False,False,False,0.51,5,0.25,False,
SEMA,ESKAPE,Staphylococcus aureus,bacteria,linear,225374,Q2FXX5,25,42,18,4.0,0.222,False,False,False,0.51,5,0.25,False,
SEMA,ESKAPE,Staphylococcus aureus,bacteria,linear,225397,Q2FXX5,67,84,18,9.0,0.5,True,True,True,0.51,5,0.25,False,
SEMA,ESKAPE,Staphylococcus aureus,bacteria,linear,225409,Q2FXX5,91,108,18,12.0,0.667,True,True,True,0.51,5,0.25,False,
SEMA,ESKAPE,Staphylococcus aureus,bacteria,linear,225433,Q2FXX5,1,18,18,18.0,1.0,True,True,True,0.51,5,0.25,False,
SEMA,ESKAPE,Staphylococcus aureus,bacteria,linear,225435,Q2FXX5,19,36,18,10.0,0.556,True,True,True,0.51,5,0.25,False,
SEMA,ESKAPE,Staphylococcus aureus,bacteria,linear,225444,Q2FXX5,121,138,18,16.0,0.889,True,True,True,0.51,5,0.25,False,
SEMA,ESKAPE,Staphylococcus aureus,bacteria,linear,225447,Q2FXX5,55,72,18,16.0,0.889,True,True,True,0.51,5,0.25,False,
SEMA,ESKAPE,Staphylococcus aureus,bacteria,linear,225448,Q2FXX5,97,112,16,13.0,0.812,True,True,True,0.51,5,0.25,False,
SEMA,ESKAPE,Staphylococcus aureus,bacteria,linear,225449,Q2FXX5,97,114,18,13.0,0.722,True,True,True,0.51,5,0.25,False,
SEMA,ESKAPE,Staphylococcus aureus,bacteria,linear,225450,Q2FXX5,151,168,18,1.0,0.056,False,False,False,0.51,5,0.25,False,
SEMA,ESKAPE,Staphylococcus aureus,bacteria,linear,225497,Q2FXX5,181,198,18,11.0,0.611,True,True,True,0.51,5,0.25,False,
SEMA,ESKAPE,Staphylococcus aureus,bacteria,linear,225517,Q2FXX5,43,60,18,16.0,0.889,True,True,True,0.51,5,0.25,False,
SEMA,ESKAPE,Staphylococcus aureus,bacteria,linear,225520,Q2FXX5,13,30,18,16.0,0.889,True,True,True,0.51,5,0.25,False,
SEMA,ESKAPE,Staphylococcus aureus,bacteria,linear,225528,Q2FXX5,79,96,18,6.0,0.333,True,True,True,0.51,5,0.25,False,
SEMA,ESKAPE,Staphylococcus aureus,bacteria,linear,225542,Q2FXX5,207,222,16,3.0,0.188,False,False,False,0.51,5,0.25,False,
SEMA,ESKAPE,Staphylococcus aureus,bacteria,linear,225547,Q2FXX5,235,252,18,,,,,,0.51,5,0.25,True,end_pos_exceeds_pred_len(252>234)
SEMA,ESKAPE,Staphylococcus aureus,bacteria,linear,225564,Q2FXX5,247,257,11,,,,,,0.51,5,0.25,True,end_pos_exceeds_pred_len(257>234)
SEMA,ESKAPE,Staphylococcus aureus,bacteria,linear,225565,Q2FXX5,247,261,15,,,,,,0.51,5,0.25,True,end_pos_exceeds_pred_len(261>234)
SEMA,ESKAPE,Staphylococcus aureus,bacteria,linear,225577,Q2FXX5,187,204,18,8.0,0.444,True,True,True,0.51,5,0.25,False,
SEMA,ESKAPE,Staphylococcus aureus,bacteria,linear,225593,Q2FXX5,205,222,18,5.0,0.278,True,True,True,0.51,5,0.25,False,
SEMA,ESKAPE,Staphylococcus aureus,bacteria,linear,225596,Q2FXX5,241,258,18,,,,,,0.51,5,0.25,True,end_pos_exceeds_pred_len(258>234)
SEMA,ESKAPE,Staphylococcus aureus,bacteria,linear,225598,Q2FXX5,109,126,18,9.0,0.5,True,True,True,0.51,5,0.25,False,
SEMA,ESKAPE,Staphylococcus aureus,bacteria,linear,226567,Q2G1X0,27,45,19,17.0,0.895,True,True,True,0.51,5,0.25,False,
SEMA,ESKAPE,Staphylococcus aureus,bacteria,linear,226584,Q2G1X0,30,48,19,15.0,0.789,True,True,True,0.51,5,0.25,False,
SEMA,ESKAPE,Staphylococcus aureus,bacteria,linear,226625,Q2G1X0,34,51,18,13.0,0.722,True,True,True,0.51,5,0.25,False,
SEMA,ESKAPE,Staphylococcus aureus,bacteria,linear,226680,Q2G1X0,38,55,18,12.0,0.667,True,True,True,0.51,5,0.25,False,
SEMA,ESKAPE,Staphylococcus aureus,bacteria,linear,226681,Q2G1X0,48,67,20,7.0,0.35,True,True,True,0.51,5,0.25,False,
SEMA,ESKAPE,Staphylococcus aureus,bacteria,linear,227859,Q2FXX5,65,80,16,9.0,0.562,True,True,True,0.51,5,0.25,False,
SEMA,ESKAPE,Staphylococcus aureus,bacteria,linear,227860,Q2FXX5,25,40,16,4.0,0.25,False,True,True,0.51,5,0.25,False,
SEMA,ESKAPE,Klebsiella pneumoniae,bacteria,linear,232714,A0A0H3GKL7,201,215,15,2.0,0.133,False,False,False,0.51,5,0.25,False,
SEMA,ESKAPE,Klebsiella pneumoniae,bacteria,linear,232715,A0A0H3GNG3,65,79,15,9.0,0.6,True,True,True,0.51,5,0.25,False,
SEMA,ESKAPE,Klebsiella pneumoniae,bacteria,linear,232733,A0A0H3GNG3,237,251,15,8.0,0.533,True,True,True,0.51,5,0.25,False,
SEMA,ESKAPE,Klebsiella pneumoniae,bacteria,linear,232737,A0A0H3GP64,61,75,15,7.0,0.467,True,True,True,0.51,5,0.25,False,
SEMA,ESKAPE,Klebsiella pneumoniae,bacteria,linear,232755,A0A0H3GNG3,197,211,15,7.0,0.467,True,True,True,0.51,5,0.25,False,
SEMA,ESKAPE,Klebsiella pneumoniae,bacteria,linear,232784,A0A0H3GNG3,181,195,15,10.0,0.667,True,True,True,0.51,5,0.25,False,
SEMA,ESKAPE,Klebsiella pneumoniae,bacteria,linear,232789,A0A0H3GKL7,321,335,15,7.0,0.467,True,True,True,0.51,5,0.25,False,
SEMA,ESKAPE,Klebsiella pneumoniae,bacteria,linear,232798,A0A0H3GNG3,277,291,15,6.0,0.4,True,True,True,0.51,5,0.25,False,
SEMA,ESKAPE,Klebsiella pneumoniae,bacteria,linear,232803,A0A0H3GNG3,9,19,11,11.0,1.0,True,True,True,0.51,5,0.25,False,
SEMA,ESKAPE,Klebsiella pneumoniae,bacteria,linear,232804,A0A0H3GNG3,273,287,15,8.0,0.533,True,True,True,0.51,5,0.25,False,
SEMA,ESKAPE,Klebsiella pneumoniae,bacteria,linear,232815,A0A0H3GKL7,237,247,11,2.0,0.182,False,False,False,0.51,5,0.25,False,
SEMA,ESKAPE,Klebsiella pneumoniae,bacteria,linear,232839,A0A0H3GNG3,201,215,15,3.0,0.2,False,False,False,0.51,5,0.25,False,
SEMA,ESKAPE,Klebsiella pneumoniae,bacteria,linear,232856,A0A0H3GKL7,313,327,15,2.0,0.133,False,False,False,0.51,5,0.25,False,
SEMA,ESKAPE,Klebsiella pneumoniae,bacteria,linear,232858,A0A0H3GNG3,241,255,15,9.0,0.6,True,True,True,0.51,5,0.25,False,
SEMA,ESKAPE,Klebsiella pneumoniae,bacteria,linear,232913,A0A0H3GNG3,5,19,15,15.0,1.0,True,True,True,0.51,5,0.25,False,
SEMA,ESKAPE,Klebsiella pneumoniae,bacteria,linear,232936,A0A0H3GP64,45,59,15,9.0,0.6,True,True,True,0.51,5,0.25,False,
SEMA,ESKAPE,Klebsiella pneumoniae,bacteria,linear,232968,A0A0H3GNG3,113,127,15,8.0,0.533,True,True,True,0.51,5,0.25,False,
SEMA,ESKAPE,Klebsiella pneumoniae,bacteria,linear,232970,A0A0H3GNG3,245,259,15,8.0,0.533,True,True,True,0.51,5,0.25,False,
SEMA,ESKAPE,Klebsiella pneumoniae,bacteria,linear,233011,A0A0H3GNG3,280,294,15,5.0,0.333,True,True,True,0.51,5,0.25,False,
SEMA,ESKAPE,Klebsiella pneumoniae,bacteria,linear,233014,A0A0H3GKL7,317,331,15,6.0,0.4,True,True,True,0.51,5,0.25,False,
SEMA,ESKAPE,Klebsiella pneumoniae,bacteria,linear,233020,A0A0H3GNG3,117,131,15,5.0,0.333,True,True,True,0.51,5,0.25,False,
SEMA,ESKAPE,Klebsiella pneumoniae,bacteria,linear,233027,A0A0H3GNG3,177,191,15,11.0,0.733,True,True,True,0.51,5,0.25,False,
SEMA,ESKAPE,Klebsiella pneumoniae,bacteria,linear,233057,A0A0H3GKL7,197,211,15,0.0,0.0,False,False,False,0.51,5,0.25,False,
SEMA,ESKAPE,Klebsiella pneumoniae,bacteria,linear,233083,A0A0H3GP64,41,55,15,9.0,0.6,True,True,True,0.51,5,0.25,False,
SEMA,ESKAPE,Klebsiella pneumoniae,bacteria,linear,233093,A0A0H3GNG3,69,83,15,6.0,0.4,True,True,True,0.51,5,0.25,False,
SEMA,ESKAPE,Klebsiella pneumoniae,bacteria,linear,233095,A0A0H3GNG3,249,263,15,4.0,0.267,False,True,True,0.51,5,0.25,False,
SEMA,ESKAPE,Klebsiella pneumoniae,bacteria,linear,233104,A0A0H3GNG3,61,75,15,9.0,0.6,True,True,True,0.51,5,0.25,False,
SEMA,ESKAPE,Klebsiella pneumoniae,bacteria,linear,233120,A0A0H3GNG3,185,199,15,12.0,0.8,True,True,True,0.51,5,0.25,False,
SEMA,ESKAPE,Staphylococcus aureus,bacteria,linear,234349,Q2FWM6,25,32,8,8.0,1.0,True,True,True,0.51,5,0.25,False,
SEMA,ESKAPE,Staphylococcus aureus,bacteria,linear,239266,Q2G1X0,27,47,21,18.0,0.857,True,True,True,0.51,5,0.25,False,
SEMA,ESKAPE,Staphylococcus aureus,bacteria,linear,239709,Q2G1X0,145,165,21,13.0,0.619,True,True,True,0.51,5,0.25,False,
SEMA,ESKAPE,Staphylococcus aureus,bacteria,linear,239720,Q2G1X0,156,173,18,11.0,0.611,True,True,True,0.51,5,0.25,False,
SEMA,ESKAPE,Staphylococcus aureus,bacteria,linear,239739,Q2G1X0,148,163,16,10.0,0.625,True,True,True,0.51,5,0.25,False,
SEMA,ESKAPE,Staphylococcus aureus,bacteria,linear,240538,Q2G1X0,140,157,18,5.0,0.278,True,True,True,0.51,5,0.25,False,
SEMA,ESKAPE,Staphylococcus aureus,bacteria,linear,429038,Q2FXX5,127,142,16,14.0,0.875,True,True,True,0.51,5,0.25,False,
SEMA,ESKAPE,Staphylococcus aureus,bacteria,linear,435821,Q2FZB8,127,140,14,10.0,0.714,True,True,True,0.51,5,0.25,False,
SEMA,ESKAPE,Staphylococcus aureus,bacteria,linear,496762,Q2FWN4,257,286,30,15.0,0.5,True,True,True,0.51,5,0.25,False,
SEMA,ESKAPE,Staphylococcus aureus,bacteria,linear,531712,Q2G2D8,209,232,24,8.0,0.333,True,True,True,0.51,5,0.25,False,
SEMA,ESKAPE,Staphylococcus aureus,bacteria,linear,532467,Q2G2D8,113,136,24,13.0,0.542,True,True,True,0.51,5,0.25,False,
SEMA,ESKAPE,Staphylococcus aureus,bacteria,linear,532920,Q2G2D8,263,286,24,13.0,0.542,True,True,True,0.51,5,0.25,False,
SEMA,ESKAPE,Staphylococcus aureus,bacteria,linear,568987,Q2FZF0,320,340,21,20.0,0.952,True,True,True,0.51,5,0.25,False,
SEMA,ESKAPE,Klebsiella pneumoniae,bacteria,linear,575729,A0A0H3GSS7,77,96,20,16.0,0.8,True,True,True,0.51,5,0.25,False,
SEMA,ESKAPE,Klebsiella pneumoniae,bacteria,linear,579320,A0A0H3GSS7,32,51,20,8.0,0.4,True,True,True,0.51,5,0.25,False,
SEMA,ESKAPE,Klebsiella pneumoniae,bacteria,linear,580685,A0A0H3GGM3,121,145,25,22.0,0.88,True,True,True,0.51,5,0.25,False,
SEMA,ESKAPE,Klebsiella pneumoniae,bacteria,linear,580987,A0A0H3GWX4,533,538,6,1.0,0.167,False,False,False,0.51,5,0.25,False,
SEMA,ESKAPE,Klebsiella pneumoniae,bacteria,linear,580988,A0A0H3GX94,365,373,9,5.0,0.556,True,True,True,0.51,5,0.25,False,
SEMA,ESKAPE,Klebsiella pneumoniae,bacteria,linear,580989,A0A0H3GGM3,126,135,10,7.0,0.7,True,True,True,0.51,5,0.25,False,
SEMA,ESKAPE,Staphylococcus aureus,bacteria,linear,740925,Q2G032,272,279,8,6.0,0.75,True,True,True,0.51,5,0.25,False,
SEMA,ESKAPE,Staphylococcus aureus,bacteria,linear,745474,P14738,352,364,13,4.0,0.308,False,True,True,0.51,5,0.25,False,
SEMA,ESKAPE,Staphylococcus aureus,bacteria,linear,768076,Q2G032,236,243,8,0.0,0.0,False,False,False,0.51,5,0.25,False,
SEMA,ESKAPE,Pseudomonas aeruginosa,bacteria,linear,886712,P13794,141,148,8,1.0,0.125,False,False,False,0.51,5,0.25,False,
SEMA,ESKAPE,Pseudomonas aeruginosa,bacteria,linear,886767,P13794,245,252,8,6.0,0.75,True,True,True,0.51,5,0.25,False,
SEMA,ESKAPE,Pseudomonas aeruginosa,bacteria,linear,886847,P13794,321,328,8,6.0,0.75,True,True,True,0.51,5,0.25,False,
SEMA,ESKAPE,Pseudomonas aeruginosa,bacteria,linear,886859,P13794,107,114,8,4.0,0.5,False,True,True,0.51,5,0.25,False,
SEMA,ESKAPE,Pseudomonas aeruginosa,bacteria,linear,886861,P13794,313,320,8,4.0,0.5,False,True,True,0.51,5,0.25,False,
SEMA,ESKAPE,Pseudomonas aeruginosa,bacteria,linear,886875,P13794,319,326,8,5.0,0.625,True,True,True,0.51,5,0.25,False,
SEMA,ESKAPE,Pseudomonas aeruginosa,bacteria,linear,886935,P13794,37,44,8,6.0,0.75,True,True,True,0.51,5,0.25,False,
SEMA,ESKAPE,Pseudomonas aeruginosa,bacteria,linear,887003,P13794,329,336,8,7.0,0.875,True,True,True,0.51,5,0.25,False,
SEMA,ESKAPE,Pseudomonas aeruginosa,bacteria,linear,887092,P13794,301,308,8,6.0,0.75,True,True,True,0.51,5,0.25,False,
SEMA,ESKAPE,Pseudomonas aeruginosa,bacteria,linear,887107,P13794,131,138,8,3.0,0.375,False,True,True,0.51,5,0.25,False,
SEMA,ESKAPE,Pseudomonas aeruginosa,bacteria,linear,887116,P13794,237,244,8,4.0,0.5,False,True,True,0.51,5,0.25,False,
SEMA,ESKAPE,Pseudomonas aeruginosa,bacteria,linear,887153,P13794,323,330,8,7.0,0.875,True,True,True,0.51,5,0.25,False,
SEMA,ESKAPE,Pseudomonas aeruginosa,bacteria,linear,887171,P13794,255,262,8,5.0,0.625,True,True,True,0.51,5,0.25,False,
SEMA,ESKAPE,Pseudomonas aeruginosa,bacteria,linear,887229,P13794,283,290,8,8.0,1.0,True,True,True,0.51,5,0.25,False,
SEMA,ESKAPE,Pseudomonas aeruginosa,bacteria,linear,887244,P13794,305,312,8,8.0,1.0,True,True,True,0.51,5,0.25,False,
SEMA,ESKAPE,Pseudomonas aeruginosa,bacteria,linear,887271,P13794,39,46,8,6.0,0.75,True,True,True,0.51,5,0.25,False,
SEMA,ESKAPE,Pseudomonas aeruginosa,bacteria,linear,887282,P13794,269,276,8,3.0,0.375,False,True,True,0.51,5,0.25,False,
SEMA,ESKAPE,Staphylococcus aureus,bacteria,linear,922697,Q2FY60,391,410,20,8.0,0.4,True,True,True,0.51,5,0.25,False,
SEMA,ESKAPE,Staphylococcus aureus,bacteria,linear,933402,Q2G028,213,230,18,7.0,0.389,True,True,True,0.51,5,0.25,False,
SEMA,ESKAPE,Staphylococcus aureus,bacteria,linear,1065900,P0A074,119,129,11,5.0,0.455,True,True,True,0.51,5,0.25,False,
SEMA,ESKAPE,Staphylococcus aureus,bacteria,linear,1066021,P0A074,123,133,11,5.0,0.455,True,True,True,0.51,5,0.25,False,
SEMA,ESKAPE,Staphylococcus aureus,bacteria,linear,1066022,Q2FVK2,125,135,11,3.0,0.273,False,True,True,0.51,5,0.25,False,
SEMA,ESKAPE,Staphylococcus aureus,bacteria,linear,1066023,Q2FXB0,119,129,11,5.0,0.455,True,True,True,0.51,5,0.25,False,
SEMA,ESKAPE,Staphylococcus aureus,bacteria,linear,1074844,Q2FVK2,270,284,15,14.0,0.933,True,True,True,0.51,5,0.25,False,
SEMA,ESKAPE,Staphylococcus aureus,bacteria,linear,1074861,Q2FVK2,274,288,15,15.0,1.0,True,True,True,0.51,5,0.25,False,
SEMA,ESKAPE,Staphylococcus aureus,bacteria,linear,1075040,Q2FVK2,276,286,11,11.0,1.0,True,True,True,0.51,5,0.25,False,
SEMA,ESKAPE,Staphylococcus aureus,bacteria,linear,1075073,Q2FVK2,268,286,19,17.0,0.895,True,True,True,0.51,5,0.25,False,
SEMA,ESKAPE,Acinetobacter baumannii,bacteria,linear,1311143,A0ABX6CC62,60,78,19,,,,,,0.51,5,0.25,True,missing_prediction_for_protein
SEMA,ESKAPE,Acinetobacter baumannii,bacteria,linear,1311164,A0ABX6CC62,589,597,9,,,,,,0.51,5,0.25,True,missing_prediction_for_protein
SEMA,ESKAPE,Acinetobacter baumannii,bacteria,linear,1311169,A0ABX6CC62,487,521,35,,,,,,0.51,5,0.25,True,missing_prediction_for_protein
SEMA,ESKAPE,Acinetobacter baumannii,bacteria,linear,1311175,A0ABX6CC62,3,37,35,,,,,,0.51,5,0.25,True,missing_prediction_for_protein
SEMA,ESKAPE,Acinetobacter baumannii,bacteria,linear,1311222,A0ABX6CC62,323,363,41,,,,,,0.51,5,0.25,True,missing_prediction_for_protein
SEMA,ESKAPE,Acinetobacter baumannii,bacteria,linear,1311223,A0ABX6CC62,567,581,15,,,,,,0.51,5,0.25,True,missing_prediction_for_protein
SEMA,ESKAPE,Acinetobacter baumannii,bacteria,linear,1311224,A0ABX6CC62,369,384,16,,,,,,0.51,5,0.25,True,missing_prediction_for_protein
SEMA,ESKAPE,Staphylococcus aureus,bacteria,linear,1335839,Q2FXA5,377,388,12,8.0,0.667,True,True,True,0.51,5,0.25,False,
SEMA,ESKAPE,Acinetobacter baumannii,bacteria,linear,1338541,A0ABX6CCP4,158,172,15,,,,,,0.51,5,0.25,True,missing_prediction_for_protein
SEMA,ESKAPE,Acinetobacter baumannii,bacteria,linear,1338693,A0ABX6CCP4,102,108,7,,,,,,0.51,5,0.25,True,missing_prediction_for_protein
SEMA,ESKAPE,Acinetobacter baumannii,bacteria,linear,1338752,A0ABX6CCP4,125,135,11,,,,,,0.51,5,0.25,True,missing_prediction_for_protein
SEMA,ESKAPE,Staphylococcus aureus,bacteria,linear,1347722,Q2G1X0,242,259,18,0.0,0.0,False,False,False,0.51,5,0.25,False,
SEMA,ESKAPE,Staphylococcus aureus,bacteria,linear,1347732,Q2G1X0,50,67,18,7.0,0.389,True,True,True,0.51,5,0.25,False,
SEMA,ESKAPE,Staphylococcus aureus,bacteria,linear,1347733,Q2G1X0,302,319,18,7.0,0.389,True,True,True,0.51,5,0.25,False,
SEMA,ESKAPE,Staphylococcus aureus,bacteria,linear,1347736,Q2G1X0,134,151,18,2.0,0.111,False,False,False,0.51,5,0.25,False,
SEMA,ESKAPE,Staphylococcus aureus,bacteria,linear,1347749,Q2G1X0,254,271,18,9.0,0.5,True,True,True,0.51,5,0.25,False,
SEMA,ESKAPE,Staphylococcus aureus,bacteria,linear,1347751,Q2G1X0,110,127,18,8.0,0.444,True,True,True,0.51,5,0.25,False,
SEMA,ESKAPE,Staphylococcus aureus,bacteria,linear,1347752,Q2G1X0,146,163,18,11.0,0.611,True,True,True,0.51,5,0.25,False,
SEMA,ESKAPE,Staphylococcus aureus,bacteria,linear,1347755,Q2G1X0,98,115,18,4.0,0.222,False,False,False,0.51,5,0.25,False,
SEMA,ESKAPE,Staphylococcus aureus,bacteria,linear,1347764,Q2G1X0,228,245,18,5.0,0.278,True,True,True,0.51,5,0.25,False,
SEMA,ESKAPE,Staphylococcus aureus,bacteria,linear,1347776,Q2G1X0,74,91,18,3.0,0.167,False,False,False,0.51,5,0.25,False,
SEMA,ESKAPE,Staphylococcus aureus,bacteria,linear,1347779,Q2G1X0,170,187,18,6.0,0.333,True,True,True,0.51,5,0.25,False,
SEMA,ESKAPE,Staphylococcus aureus,bacteria,linear,1347782,Q2G1X0,158,175,18,9.0,0.5,True,True,True,0.51,5,0.25,False,
SEMA,ESKAPE,Staphylococcus aureus,bacteria,linear,1347785,Q2G1X0,182,199,18,10.0,0.556,True,True,True,0.51,5,0.25,False,
SEMA,ESKAPE,Staphylococcus aureus,bacteria,linear,1347801,Q2G1X0,62,79,18,7.0,0.389,True,True,True,0.51,5,0.25,False,
SEMA,ESKAPE,Staphylococcus aureus,bacteria,linear,1347805,Q2G1X0,266,283,18,8.0,0.444,True,True,True,0.51,5,0.25,False,
SEMA,ESKAPE,Staphylococcus aureus,bacteria,linear,1347808,Q2G1X0,197,214,18,15.0,0.833,True,True,True,0.51,5,0.25,False,
SEMA,ESKAPE,Staphylococcus aureus,bacteria,linear,1347815,Q2G1X0,1,18,18,18.0,1.0,True,True,True,0.51,5,0.25,False,
SEMA,ESKAPE,Staphylococcus aureus,bacteria,linear,1347816,Q2G1X0,240,257,18,0.0,0.0,False,False,False,0.51,5,0.25,False,
SEMA,ESKAPE,Staphylococcus aureus,bacteria,linear,1347831,Q2G1X0,290,307,18,16.0,0.889,True,True,True,0.51,5,0.25,False,
SEMA,ESKAPE,Staphylococcus aureus,bacteria,linear,1347837,Q2G1X0,207,223,17,14.0,0.824,True,True,True,0.51,5,0.25,False,
SEMA,ESKAPE,Staphylococcus aureus,bacteria,linear,1347871,Q2G1X0,86,103,18,8.0,0.444,True,True,True,0.51,5,0.25,False,
SEMA,ESKAPE,Staphylococcus aureus,bacteria,linear,1347890,Q2G1X0,278,295,18,15.0,0.833,True,True,True,0.51,5,0.25,False,
SEMA,ESKAPE,Staphylococcus aureus,bacteria,linear,1397251,Q2G1X0,30,47,18,15.0,0.833,True,True,True,0.51,5,0.25,False,
SEMA,ESKAPE,Staphylococcus aureus,bacteria,linear,1397255,Q2G1X0,167,184,18,3.0,0.167,False,False,False,0.51,5,0.25,False,
SEMA,ESKAPE,Staphylococcus aureus,bacteria,linear,1397257,Q2G1X0,125,142,18,7.0,0.389,True,True,True,0.51,5,0.25,False,
SEMA,ESKAPE,Staphylococcus aureus,bacteria,linear,1397265,Q2FZF0,52,69,18,18.0,1.0,True,True,True,0.51,5,0.25,False,
SEMA,ESKAPE,Staphylococcus aureus,bacteria,linear,1397268,Q2G1X0,191,208,18,10.0,0.556,True,True,True,0.51,5,0.25,False,
SEMA,ESKAPE,Staphylococcus aureus,bacteria,linear,1397270,Q2FZF0,10,27,18,18.0,1.0,True,True,True,0.51,5,0.25,False,
SEMA,ESKAPE,Staphylococcus aureus,bacteria,linear,1397271,Q2G1X0,275,292,18,12.0,0.667,True,True,True,0.51,5,0.25,False,
SEMA,ESKAPE,Staphylococcus aureus,bacteria,linear,1397283,Q2G1X0,71,88,18,6.0,0.333,True,True,True,0.51,5,0.25,False,
SEMA,ESKAPE,Staphylococcus aureus,bacteria,linear,1397285,Q2G1X0,239,256,18,0.0,0.0,False,False,False,0.51,5,0.25,False,
SEMA,ESKAPE,Staphylococcus aureus,bacteria,linear,1397292,Q2FZF0,58,75,18,18.0,1.0,True,True,True,0.51,5,0.25,False,
SEMA,ESKAPE,Staphylococcus aureus,bacteria,linear,1397296,Q2G1X0,155,172,18,12.0,0.667,True,True,True,0.51,5,0.25,False,
SEMA,ESKAPE,Staphylococcus aureus,bacteria,linear,1397315,Q2G1X0,209,226,18,14.0,0.778,True,True,True,0.51,5,0.25,False,
SEMA,ESKAPE,Staphylococcus aureus,bacteria,linear,1397328,Q2FZF0,34,51,18,17.0,0.944,True,True,True,0.51,5,0.25,False,
SEMA,ESKAPE,Staphylococcus aureus,bacteria,linear,1397347,Q2FZF0,70,87,18,18.0,1.0,True,True,True,0.51,5,0.25,False,
SEMA,ESKAPE,Staphylococcus aureus,bacteria,linear,1397348,Q2G1X0,59,76,18,7.0,0.389,True,True,True,0.51,5,0.25,False,
SEMA,ESKAPE,Staphylococcus aureus,bacteria,linear,1397357,Q2FZF0,4,21,18,18.0,1.0,True,True,True,0.51,5,0.25,False,
SEMA,ESKAPE,Staphylococcus aureus,bacteria,linear,1397359,Q2G1X0,227,244,18,6.0,0.333,True,True,True,0.51,5,0.25,False,
SEMA,ESKAPE,Staphylococcus aureus,bacteria,linear,1397360,Q2G1X0,107,124,18,5.0,0.278,True,True,True,0.51,5,0.25,False,
SEMA,ESKAPE,Staphylococcus aureus,bacteria,linear,1397361,Q2G1X0,287,304,18,17.0,0.944,True,True,True,0.51,5,0.25,False,
SEMA,ESKAPE,Staphylococcus aureus,bacteria,linear,1397365,Q2G1X0,119,136,18,10.0,0.556,True,True,True,0.51,5,0.25,False,
SEMA,ESKAPE,Staphylococcus aureus,bacteria,linear,1397369,Q2G1X0,263,280,18,9.0,0.5,True,True,True,0.51,5,0.25,False,
SEMA,ESKAPE,Staphylococcus aureus,bacteria,linear,1397371,Q2G1X0,203,220,18,18.0,1.0,True,True,True,0.51,5,0.25,False,
SEMA,ESKAPE,Staphylococcus aureus,bacteria,linear,1397374,Q2FZF0,22,39,18,17.0,0.944,True,True,True,0.51,5,0.25,False,
SEMA,ESKAPE,Staphylococcus aureus,bacteria,linear,1397377,Q2FZF0,40,57,18,18.0,1.0,True,True,True,0.51,5,0.25,False,
SEMA,ESKAPE,Staphylococcus aureus,bacteria,linear,1397380,Q2G1X0,35,52,18,13.0,0.722,True,True,True,0.51,5,0.25,False,
SEMA,ESKAPE,Staphylococcus aureus,bacteria,linear,1397396,Q2FZF0,82,99,18,18.0,1.0,True,True,True,0.51,5,0.25,False,
SEMA,ESKAPE,Staphylococcus aureus,bacteria,linear,1397400,Q2G1X0,179,196,18,10.0,0.556,True,True,True,0.51,5,0.25,False,
SEMA,ESKAPE,Staphylococcus aureus,bacteria,linear,1397405,Q2FZF0,106,121,16,16.0,1.0,True,True,True,0.51,5,0.25,False,
SEMA,ESKAPE,Staphylococcus aureus,bacteria,linear,1397412,Q2FZF0,64,81,18,18.0,1.0,True,True,True,0.51,5,0.25,False,
SEMA,ESKAPE,Staphylococcus aureus,bacteria,linear,1397413,Q2G1X0,95,112,18,7.0,0.389,True,True,True,0.51,5,0.25,False,
SEMA,ESKAPE,Staphylococcus aureus,bacteria,linear,1397420,Q2G1X0,251,268,18,8.0,0.444,True,True,True,0.51,5,0.25,False,
SEMA,ESKAPE,Staphylococcus aureus,bacteria,linear,1397434,Q2G1X0,143,160,18,8.0,0.444,True,True,True,0.51,5,0.25,False,
SEMA,ESKAPE,Staphylococcus aureus,bacteria,linear,1397438,Q2G1X0,215,232,18,13.0,0.722,True,True,True,0.51,5,0.25,False,
SEMA,ESKAPE,Staphylococcus aureus,bacteria,linear,1397441,Q2FZF0,28,45,18,17.0,0.944,True,True,True,0.51,5,0.25,False,
SEMA,ESKAPE,Staphylococcus aureus,bacteria,linear,1397442,Q2FZF0,100,117,18,18.0,1.0,True,True,True,0.51,5,0.25,False,
SEMA,ESKAPE,Staphylococcus aureus,bacteria,linear,1397443,Q2G1X0,299,316,18,10.0,0.556,True,True,True,0.51,5,0.25,False,
SEMA,ESKAPE,Staphylococcus aureus,bacteria,linear,1397445,Q2FZF0,88,105,18,18.0,1.0,True,True,True,0.51,5,0.25,False,
SEMA,ESKAPE,Staphylococcus aureus,bacteria,linear,1397447,Q2FZF0,76,93,18,18.0,1.0,True,True,True,0.51,5,0.25,False,
SEMA,ESKAPE,Staphylococcus aureus,bacteria,linear,1397448,Q2G1X0,47,64,18,8.0,0.444,True,True,True,0.51,5,0.25,False,
SEMA,ESKAPE,Staphylococcus aureus,bacteria,linear,1397455,Q2G1X0,83,100,18,7.0,0.389,True,True,True,0.51,5,0.25,False,
SEMA,ESKAPE,Staphylococcus aureus,bacteria,linear,1397457,Q2FZF0,94,111,18,18.0,1.0,True,True,True,0.51,5,0.25,False,
SEMA,ESKAPE,Staphylococcus aureus,bacteria,linear,1397458,Q2FZF0,46,63,18,18.0,1.0,True,True,True,0.51,5,0.25,False,
SEMA,ESKAPE,Staphylococcus aureus,bacteria,linear,1397463,Q2FZF0,16,33,18,18.0,1.0,True,True,True,0.51,5,0.25,False,
SEMA,ESKAPE,Staphylococcus aureus,bacteria,linear,1397471,Q2G1X0,131,148,18,4.0,0.222,False,False,False,0.51,5,0.25,False,
SEMA,ESKAPE,Staphylococcus aureus,bacteria,linear,1597772,Q2FVK2,261,280,20,11.0,0.55,True,True,True,0.51,5,0.25,False,
SEMA,ESKAPE,Acinetobacter baumannii,bacteria,linear,1635972,A0ABX6CM31,197,222,26,,,,,,0.51,5,0.25,True,missing_prediction_for_protein
SEMA,ESKAPE,Acinetobacter baumannii,bacteria,linear,1635992,A0ABX6CM31,24,50,27,,,,,,0.51,5,0.25,True,missing_prediction_for_protein
SEMA,ESKAPE,Acinetobacter baumannii,bacteria,linear,1635994,A0ABX6CM31,122,139,18,,,,,,0.51,5,0.25,True,missing_prediction_for_protein
SEMA,ESKAPE,Staphylococcus aureus,bacteria,linear,1661534,Q2G2D8,31,48,18,3.0,0.167,False,False,False,0.51,5,0.25,False,
SEMA,ESKAPE,Staphylococcus aureus,bacteria,linear,1667549,Q2FXX5,63,80,18,11.0,0.611,True,True,True,0.51,5,0.25,False,
SEMA,ESKAPE,Staphylococcus aureus,bacteria,linear,1669545,Q2FXX5,105,122,18,9.0,0.5,True,True,True,0.51,5,0.25,False,
SEMA,ESKAPE,Staphylococcus aureus,bacteria,linear,1671273,Q2G2D8,295,309,15,0.0,0.0,False,False,False,0.51,5,0.25,False,
SEMA,ESKAPE,Staphylococcus aureus,bacteria,linear,1673766,Q2G2D8,145,162,18,4.0,0.222,False,False,False,0.51,5,0.25,False,
SEMA,ESKAPE,Staphylococcus aureus,bacteria,linear,1678125,Q2G2D8,79,96,18,6.0,0.333,True,True,True,0.51,5,0.25,False,
SEMA,ESKAPE,Staphylococcus aureus,bacteria,linear,1680557,Q2FXX5,249,266,18,,,,,,0.51,5,0.25,True,end_pos_exceeds_pred_len(266>234)
SEMA,ESKAPE,Staphylococcus aureus,bacteria,linear,1699502,Q2FXX5,177,194,18,13.0,0.722,True,True,True,0.51,5,0.25,False,
SEMA,ESKAPE,Staphylococcus aureus,bacteria,linear,1863066,T1Y671,13,22,10,,,,,,0.51,5,0.25,True,missing_prediction_for_protein
SEMA,ESKAPE,Staphylococcus aureus,bacteria,linear,1870708,Q2FWM6,25,32,21,8.0,0.381,True,True,True,0.51,5,0.25,False,
SEMA,ESKAPE,Staphylococcus aureus,bacteria,linear,2060745,Q2FZF0,342,350,9,6.0,0.667,True,True,True,0.51,5,0.25,False,
SEMA,ESKAPE,Staphylococcus aureus,bacteria,linear,2266672,Q2FXX5,138,147,10,8.0,0.8,True,True,True,0.51,5,0.25,False,
SEMA,ESKAPE,Staphylococcus aureus,bacteria,linear,2270021,Q2FXX5,164,173,10,4.0,0.4,False,True,True,0.51,5,0.25,False,
SEMA,ESKAPE,Staphylococcus aureus,bacteria,linear,2270080,Q2FXX5,63,70,8,8.0,1.0,True,True,True,0.51,5,0.25,False,
SEMA,ESKAPE,Staphylococcus aureus,bacteria,linear,2270208,Q2FXX5,225,235,11,,,,,,0.51,5,0.25,True,end_pos_exceeds_pred_len(235>234)
SEMA,ESKAPE,Staphylococcus aureus,bacteria,linear,2270209,Q2FXX5,142,160,19,7.0,0.368,True,True,True,0.51,5,0.25,False,
SEMA,ESKAPE,Staphylococcus aureus,bacteria,linear,2282894,Q2G2D8,123,134,12,9.0,0.75,True,True,True,0.51,5,0.25,False,
SEMA,ESKAPE,Pseudomonas aeruginosa,bacteria,linear,2343356,G3XD49,94,111,18,6.0,0.333,True,True,True,0.51,5,0.25,False,
SEMA,ESKAPE,Staphylococcus aureus,bacteria,linear,2346297,Q2FVK2,241,255,15,7.0,0.467,True,True,True,0.51,5,0.25,False,
SEMA,ESKAPE,Staphylococcus aureus,bacteria,linear,2346376,Q2FVK2,96,106,11,6.0,0.545,True,True,True,0.51,5,0.25,False,
SEMA,ESKAPE,Staphylococcus aureus,bacteria,linear,2346463,Q2FXB0,94,104,11,3.0,0.273,False,True,True,0.51,5,0.25,False,
SEMA,ESKAPE,Staphylococcus aureus,bacteria,linear,2346516,Q2FXB0,108,118,11,6.0,0.545,True,True,True,0.51,5,0.25,False,
SEMA,ESKAPE,Staphylococcus aureus,bacteria,linear,2393251,Q2FWP0,276,293,18,7.0,0.389,True,True,True,0.51,5,0.25,False,
SEMA,ESKAPE,Staphylococcus aureus,bacteria,linear,2393311,Q2FWP0,264,281,18,7.0,0.389,True,True,True,0.51,5,0.25,False,
SEMA,ESKAPE,Staphylococcus aureus,bacteria,linear,2393332,Q2FWP0,60,77,18,4.0,0.222,False,False,False,0.51,5,0.25,False,
